Adaptive_Mesh_Refinement,random_meshes,1.0
Aerosols,propane_flame_deposition,1.0
Complex_Geometry,geom_simple,1.0
Complex_Geometry,geom_obst,1.0
Complex_Geometry,geom_sphere1a,1.0
Complex_Geometry,geom_sphere1c,1.0
Complex_Geometry,geom_sphere1e,1.0
Complex_Geometry,geom_sphere3b,1.0
Complex_Geometry,geom_sphere3d,1.0
Complex_Geometry,geom_sphere3f,1.0
Complex_Geometry,geom_sphere1b,1.0
Complex_Geometry,geom_sphere1d,1.0
Complex_Geometry,geom_sphere1f,1.0
Complex_Geometry,geom_sphere3a,1.0
Complex_Geometry,geom_sphere3c,1.0
Complex_Geometry,geom_sphere3e,1.0
Complex_Geometry,geom_terrain,1.0
Complex_Geometry,geom_texture,1.0
Complex_Geometry,geom_texture2,1.0
Complex_Geometry,geom_texture3a,1.0
Complex_Geometry,geom_texture3b,1.0
Complex_Geometry,geom_texture4a,1.0
Complex_Geometry,geom_texture4b,1.0
Complex_Geometry,sphere_radiate,1.0
Complex_Geometry,sphere_helium_conserve_3meshes,1.0
Complex_Geometry,cone_1mesh,1.0
Complex_Geometry,t34_scaling,1.0
Controls,activate_vents,1.0
Detectors,beam_detector,1.0
Detectors,objects_static,1.0
Detectors,objects_dynamic,1.0
Fires,couch,10.0
Flowfields,helium_2d_isothermal,1.0
Flowfields,symmetry_test,1.0
Flowfields,symmetry_test_2,1.0
Flowfields,symmetry_test_mpi,1.0
Flowfields,jet_fan,1.0
Flowfields,velocity_bc_test,1.0
Heat_Transfer,checkerboard,10.0
Heat_Transfer,ht3d_demo,1.0
Heat_Transfer,ht3d_ibeam,1.0
Heat_Transfer,ht3d_network,1.0
HVAC,HVAC_mass_conservation,1.0
HVAC,HVAC_energy_pressure,1.0
HVAC,leak_test_2,1.0
Miscellaneous,pyramid,1.0
Miscellaneous,obst_multi,1.0
Miscellaneous,obst_sphere,1.0
Miscellaneous,obst_cylinder,1.0
Miscellaneous,obst_cone,1.0
Miscellaneous,obst_rotbox,1.0
NS_Analytical_Solution,ns2d_64,1.0
Pressure_Effects,pressure_boundary,1.0
Pressure_Solver,dancing_eddies_embed,1.0
Pressure_Solver,dancing_eddies_tight,1.0
Scalar_Analytical_Solution,move_slug,1.0
Scalar_Analytical_Solution,move_slug_fl1,1.0
Scalar_Analytical_Solution,shunn3_256,1.0
Scalar_Analytical_Solution,soborot_charm_square_wave_64,1.0
Sprinklers_and_Sprays,cascade,1.0
Turbulence,csmag_64,1.0
Turbulence,dsmag_64,1.0
WUI,Bova_1a,1.0
WUI,Bova_1b,1.0
WUI,Bova_4a,1.0
WUI,level_set_fuel_model_1,1.0

