Time,25 kW/m2,50 kW/m2,75 kW/m2
0,0,0,1.114064728
1.000019,0,2.034379069,0.12012524
2.000038,0,2.121566743,1.433752868
3.000057,0,0,0
4.000076,0,0,0
5.000096,0.451341528,0,0
6.01574,0,2.557505115,0
7.000134,0,3.148443797,3.584382169
8.000153,0,0,41.94695889
9.000173,0,1.540315581,65.68138136
10.000192,0,0.775970302,103.6564573
11.000211,0,1.026877054,157.9065658
12.00023,0,2.799693099,205.3754108
13.015874,0.346910069,0,255.7505115
14.000269,0,1.821253643,311.9381239
15.000288,0,1.656565813,332.2819146
16.000307,0,0.861220472,353.5944572
17.000326,0,1.86000372,352.6257053
18.000345,1.682528365,0.0249938,353.5944572
19.000364,0,0,343.9069378
20.000384,0,0.449500899,336.1569223
21.016028,0,45.43446587,318.7193874
22.000422,0.915276831,80.98766198,311.9381239
23.000441,0.426832104,143.3752868,292.5630851
24.000461,0,186.000372,286.7505735
25.00048,1.053517732,215.0629301,271.2505425
26.000499,4.566793509,249.9379999,257.6880154
27.016143,0,286.7505735,250.9067518
28.000537,0,307.0943642,246.0629921
29.016182,0.33761005,322.5943952,239.2817286
30.016201,1.978578957,318.7193874,233.4692169
31.000595,0.328213156,306.1256123,224.7504495
32.000614,0.696920144,294.500589,221.8441937
33.000633,0.887861151,270.2817906,218.9379379
34.000652,1.485677971,259.6255193,212.1566743
35.000672,1.23234934,245.0942402,207.3129146
36.000691,2.82003689,229.5942092,208.2816666
37.00071,4.566793509,210.2191704,203.4379069
38.016355,0.170015965,197.6253953,201.500403
39.000749,1.585556296,184.0628681,198.5941472
40.000768,1.949807025,175.3441007,197.6253953
41.000787,3.081503038,167.5940852,196.6566433
42.000806,3.788304452,162.7503255,199.5628991
43.000825,0.271638043,158.8753178,193.7503875
44.000845,1.405562186,153.0628061,192.7816356
45.000864,0.298278722,152.0940542,190.8441317
46.016508,3.088478052,151.1253023,197.6253953
47.000902,3.835288921,147.2502945,191.8128836
48.000921,1.270130665,148.2190464,193.7503875
49.00094,3.803901358,147.2502945,192.7816356
50.000959,1.065336506,141.4377829,190.8441317
51.000979,1.334165168,139.500279,189.8753798
52.000998,3.77726068,140.4690309,188.9066278
53.016643,5.82772103,142.4065348,187.9378759
54.001037,1.867559985,138.5315271,188.9066278
55.001056,0,136.5940232,186.000372
56.001075,3.385400521,133.6877674,184.0628681
57.001094,2.104419834,133.6877674,184.0628681
58.001113,2.632486515,134.6565193,186.9691239
59.001133,3.419306839,134.6565193,186.000372
60.001152,0.285975572,132.7190154,176.3128526
61.016796,1.363324602,129.8127596,169.5315891
62.016815,0.332185039,128.8440077,166.6253333
63.001209,2.390395406,130.7815116,164.6878294
64.001228,0,132.7190154,165.6565813
65.001247,0,130.7815116,162.7503255
66.001267,1.378534007,130.7815116,157.9065658
67.001286,0,128.8440077,152.0940542
68.001305,2.755711761,125.9377519,148.2190464
69.01695,3.093903063,124.9689999,146.2815426
70.001344,1.843631812,124.000248,144.3440387
71.001363,0,120.1252403,143.3752868
72.001382,0,124.000248,142.4065348
73.001401,0,123.0314961,139.500279
74.001421,0,122.0627441,138.5315271
75.00144,0,123.0314961,139.500279
76.001459,0,127.8752558,138.5315271
77.017103,0.351463203,125.9377519,141.4377829
78.017123,0.763279652,123.0314961,137.5627751
79.017142,0,123.0314961,136.5940232
80.001535,0.267956786,120.1252403,138.5315271
81.001555,0.158390942,124.000248,139.500279
82.001574,0,123.0314961,142.4065348
83.001593,0.444754015,124.000248,140.4690309
84.001613,0,122.0627441,143.3752868
85.001632,0.894448664,119.1564883,134.6565193
86.001651,1.183621117,121.0939922,142.4065348
87.017295,1.367683985,119.1564883,140.4690309
88.001689,0,122.0627441,146.2815426
89.001709,0,119.1564883,145.3127906
90.001728,0,120.1252403,144.3440387
91.001747,0,115.2814806,145.3127906
92.001766,0,112.3752248,150.1565503
93.001785,0.122934621,114.3127286,149.1877984
94.001804,0.160522196,114.3127286,149.1877984
95.017449,0,112.3752248,151.1253023
96.001843,0,110.4377209,152.0940542
97.001862,0.267569285,107.5314651,151.1253023
98.001881,2.213888803,108.500217,154.0315581
99.0019,1.638547027,108.500217,155.00031
100.00192,0,108.500217,155.00031
101.001939,2.001635253,104.6252093,152.0940542
102.001958,1.743269112,104.6252093,155.00031
103.017602,0,104.6252093,150.1565503
104.001997,0.933101866,103.6564573,153.0628061
105.002016,5.40001705,104.6252093,154.0315581
106.002035,2.584339544,105.5939612,155.00031
107.002054,0.121190867,102.6877054,155.00031
108.002073,0.127294005,102.6877054,152.0940542
109.002092,1.685725246,100.7502015,151.1253023
110.033362,0,101.7189534,149.1877984
111.017756,2.927568355,103.6564573,152.0940542
112.00215,3.263144026,99.78144956,152.0940542
113.002169,3.18990638,99.78144956,150.1565503
114.002188,1.908635067,98.81269763,151.1253023
115.002208,0.597041819,99.78144956,150.1565503
116.002227,1.539056203,99.78144956,152.0940542
117.002246,2.813836878,102.6877054,152.0940542
118.002266,2.638492777,98.81269763,152.0940542
119.01791,2.808896243,99.78144956,149.1877984
120.002304,2.430114235,98.81269763,150.1565503
121.002323,2.700589776,104.6252093,156.9378139
122.002342,0.471685318,103.6564573,155.9690619
123.002361,3.183996993,102.6877054,155.00031
124.00238,1.154364809,104.6252093,155.9690619
125.002399,0.194137888,101.7189534,157.9065658
126.002419,0.382172639,100.7502015,154.0315581
127.018064,1.55019685,102.6877054,155.00031
128.018083,0,103.6564573,155.00031
129.002476,2.582983291,101.7189534,158.8753178
130.002496,0,104.6252093,157.9065658
131.002515,2.433892368,101.7189534,155.00031
132.002534,2.747574245,100.7502015,155.00031
133.002554,0.24228486,101.7189534,155.9690619
134.002573,1.645425166,103.6564573,159.8440697
135.018217,1.182264865,103.6564573,159.8440697
136.002611,0.459672794,103.6564573,158.8753178
137.00263,1.081999039,102.6877054,159.8440697
138.002649,0.725788952,97.84394569,156.9378139
139.002668,0.647998171,102.6877054,158.8753178
140.002688,0.087090799,104.6252093,157.9065658
141.002707,0,107.5314651,156.9378139
142.002726,0,107.5314651,155.9690619
143.018371,0,112.3752248,151.1253023
144.01839,0,114.3127286,151.1253023
145.002784,0,119.1564883,149.1877984
146.002803,0.615448106,118.1877364,150.1565503
147.002822,2.206913789,118.1877364,147.2502945
148.002841,1.254340009,115.2814806,142.4065348
149.002861,0,116.2502325,142.4065348
150.00288,1.317696385,118.1877364,139.500279
151.002899,0,119.1564883,142.4065348
152.018543,2.575330151,117.2189844,145.3127906
153.018562,0,121.0939922,140.4690309
154.002956,0,119.1564883,140.4690309
155.002976,0.87236112,116.2502325,137.5627751
156.002995,0,119.1564883,136.5940232
157.003014,0.901423678,118.1877364,139.500279
158.003033,0,122.0627441,134.6565193
159.003052,0.866548608,123.0314961,135.6252713
160.003072,0.679966985,122.0627441,130.7815116
161.018716,0.082150164,117.2189844,129.8127596
162.018735,0,120.1252403,131.7502635
163.003129,0,122.0627441,127.8752558
164.003149,0,125.9377519,127.8752558
165.003168,0.564685504,124.000248,124.000248
166.003187,0,124.000248,120.1252403
167.003206,0,122.0627441,120.1252403
168.003225,0.505204135,127.8752558,120.1252403
169.003244,0.939108128,124.000248,121.0939922
170.018889,0,125.9377519,116.2502325
171.018908,1.010892647,124.000248,116.2502325
172.003302,0.598785573,124.000248,112.3752248
173.003321,0,125.9377519,111.4064728
174.00334,3.772029419,124.9689999,113.3439767
175.00336,0.114603354,127.8752558,114.3127286
176.003379,0,125.9377519,114.3127286
177.003398,0.350591326,126.9065038,115.2814806
178.003417,0.321625643,119.1564883,112.3752248
179.003437,2.252057629,123.0314961,111.4064728
180.019081,3.22274707,120.1252403,108.500217
181.003475,2.276082677,124.000248,111.4064728
182.003494,1.179552359,124.000248,111.4064728
183.003513,1.800716101,124.9689999,110.4377209
184.003532,0.963423802,122.0627441,108.500217
185.003552,3.534491444,119.1564883,109.4689689
186.003571,1.143708537,125.9377519,110.4377209
187.00359,0.606632463,125.9377519,108.500217
188.019235,0.873039246,126.9065038,108.500217
189.003628,0.679385734,124.000248,108.500217
190.003648,2.808508742,122.0627441,104.6252093
191.003667,5.849324199,122.0627441,106.5627131
192.003686,0.964489429,125.9377519,108.500217
193.003705,3.06774676,124.000248,109.4689689
194.003725,2.413645452,124.000248,109.4689689
195.003744,0.664176328,124.9689999,107.5314651
196.019388,3.548344597,120.1252403,102.6877054
197.003782,5.245597991,122.0627441,107.5314651
198.003801,2.41771421,122.0627441,106.5627131
199.00382,2.069060388,124.000248,108.500217
200.00384,0,124.000248,109.4689689
201.003859,1.374174623,119.1564883,106.5627131
202.003878,2.10771359,114.3127286,103.6564573
203.019523,4.019739289,117.2189844,104.6252093
204.019542,4.719178188,118.1877364,108.500217
205.003936,4.391352533,115.2814806,106.5627131
206.003955,2.248763873,114.3127286,106.5627131
207.003974,6.949245148,110.4377209,104.6252093
208.003993,4.938213001,115.2814806,106.5627131
209.004013,6.306575113,115.2814806,105.5939612
210.004032,3.693173011,115.2814806,106.5627131
211.004051,5.329007533,116.2502325,104.6252093
212.019695,4.925619226,116.2502325,106.5627131
213.019714,4.916706708,110.4377209,105.5939612
214.004108,2.597998946,108.500217,107.5314651
215.004128,5.780833437,109.4689689,107.5314651
216.004147,5.399145173,109.4689689,108.500217
217.004166,4.064301879,107.5314651,105.5939612
218.004185,4.773622047,107.5314651,107.5314651
219.004204,2.598773948,108.500217,107.5314651
220.019849,3.201822029,105.5939612,103.6564573
221.019868,3.411847449,105.5939612,106.5627131
222.004262,2.480683086,104.6252093,112.3752248
223.004281,1.940507006,108.500217,109.4689689
224.004301,3.938945378,102.6877054,105.5939612
225.00432,5.823264772,104.6252093,104.6252093
226.004339,3.687844876,101.7189534,104.6252093
227.004358,3.598041571,103.6564573,108.500217
228.004377,3.685229245,103.6564573,110.4377209
229.020022,3.80264198,98.81269763,111.4064728
230.020041,1.063883378,100.7502015,113.3439767
231.004435,5.728133331,97.84394569,108.500217
232.004454,3.812135749,100.7502015,109.4689689
233.004473,4.25737414,101.7189534,118.1877364
234.004492,4.783987693,100.7502015,121.0939922
235.004512,2.414226703,96.87519375,119.1564883
236.004531,3.079178033,96.87519375,118.1877364
237.00455,4.794547089,95.61581623,117.2189844
238.020195,4.756765764,98.81269763,131.7502635
239.020214,5.216922934,97.84394569,132.7190154
240.004608,4.122426995,99.78144956,139.500279
241.004627,4.148098921,98.81269763,133.6877674
242.004646,3.949698524,94.16268833,141.4377829
243.004665,2.938321502,93.38768678,142.4065348
244.004684,4.691665633,90.86893174,147.2502945
245.004704,2.951205902,95.22831546,148.2190464
246.004723,4.254177258,90.67518135,153.0628061
247.020367,2.490176855,93.38768678,152.0940542
248.020387,2.858883843,90.57830616,156.9378139
249.036031,4.041439333,89.12517825,152.0940542
250.0048,4.573768523,91.74080848,156.9378139
251.004819,6.003065131,89.41580383,160.8128216
252.004838,3.566654008,90.86893174,166.6253333
253.004857,1.522781171,89.12517825,163.7190774
254.004877,4.525524676,86.70329841,159.8440697
255.004896,4.333518042,88.73767748,163.7190774
256.004915,4.86507223,88.15642631,165.6565813
257.020559,1.963175801,91.93455887,169.5315891
258.004953,2.442417385,91.06268213,169.5315891
259.004973,1.704034658,88.54392709,169.5315891
260.004992,2.364820355,86.21892244,169.5315891
261.005011,4.054129983,84.76579453,172.4378449
262.00503,4.670256216,88.93142786,174.3753488
263.005049,1.383474642,88.93142786,180.1878604
264.005068,3.869001488,89.31892864,182.1253643
265.005088,2.176785604,84.86266973,181.1566123
266.020732,3.089156178,87.57517515,182.1253643
267.005126,4.777206429,85.34704569,185.0316201
268.005145,3.470747566,89.99705499,188.9066278
269.005165,0.933198741,86.89704879,194.7191394
270.005184,1.716337808,87.67205034,196.6566433
271.005203,0,85.05642011,197.6253953
272.005222,4.660181195,88.25330151,198.5941472
273.005241,3.930614111,86.99392399,205.3754108
274.020886,2.10267608,90.28768058,205.3754108
275.020905,1.527915556,89.51267903,211.1879224
276.005299,1.714787805,86.31579763,215.0629301
277.005318,1.54758122,87.57517515,214.0941782
278.005337,0.061806374,84.47516895,218.9379379
279.005356,2.95750279,87.96267593,220.8754418
280.005376,3.686197997,90.38455577,230.5629611
281.005395,0.814429754,87.47829996,225.7192014
282.02104,3.394797415,84.47516895,231.5317131
283.005433,1.077639655,85.73454647,231.5317131
284.005453,1.811275498,90.28768058,233.4692169
285.005472,3.615382231,92.12830926,235.4067208
286.005491,3.118509362,93.09706119,240.2504805
287.00551,3.021731043,94.06581313,249.9379999
288.005529,1.909022568,93.96893794,248.9692479
289.021174,2.506451888,91.83768368,248.000496
290.005568,1.56269375,96.39081778,256.7192634
291.005587,3.643863538,96.87519375,257.6880154
292.005606,5.93273374,99.78144956,263.500527
293.005625,2.778283682,103.6564573,275.1255503
294.005644,2.203232531,105.5939612,269.3130386
295.005663,1.879572509,104.6252093,267.3755348
296.005683,3.456603788,104.6252093,274.1567983
297.005702,5.376670128,106.5627131,277.0630541
298.021347,3.991645483,106.5627131,284.8130696
299.005741,2.657770941,105.5939612,285.7818216
300.00576,4.83523467,106.5627131,283.8443177
301.005779,3.730276211,105.5939612,284.8130696
302.005798,4.086776924,106.5627131,287.7193254
303.005817,6.114665354,108.500217,290.6255813
304.005837,3.769607539,117.2189844,295.4693409
305.037106,3.968782938,120.1252403,297.4068448
306.0215,2.646145917,118.1877364,295.4693409
307.021519,5.687058249,114.3127286,294.500589
308.005913,8.687089249,118.1877364,296.4380929
309.005932,7.315820882,120.1252403,305.1568603
310.005951,5.097863321,120.1252403,300.3131006
311.005971,1.501468628,118.1877364,294.500589
312.00599,4.170864592,120.1252403,293.5318371
313.006009,2.335467171,124.9689999,290.6255813
314.006029,5.222832321,127.8752558,291.5943332
315.021673,3.136043772,128.8440077,295.4693409
316.006067,3.687457375,133.6877674,290.6255813
317.006086,0.456379038,129.8127596,288.6880774
318.006105,2.329170283,129.8127596,283.8443177
319.006125,5.503770383,131.7502635,282.8755658
320.006144,4.684303119,136.5940232,281.9068138
321.006163,5.645208165,136.5940232,284.8130696
322.006182,3.508625767,136.5940232,282.8755658
323.006201,3.483922593,137.5627751,281.9068138
324.021846,2.328298407,136.5940232,275.1255503
325.006239,4.779531434,144.3440387,278.0318061
326.006259,6.8502387,145.3127906,272.2192944
327.006278,3.006521638,150.1565503,271.2505425
328.006297,3.385691146,147.2502945,269.3130386
329.006317,3.748198121,151.1253023,0
330.006336,6.121059117,147.2502945,0
331.006355,2.705239785,154.0315581,0
332.021999,2.390007905,153.0628061,0
333.022018,3.52228517,158.8753178,0
334.006413,0.803482857,155.00031,0
335.006432,3.066487383,155.9690619,0
336.006451,3.664304204,155.9690619,0
337.00647,0.962067549,158.8753178,0
338.006489,0.599560574,158.8753178,0
339.006508,1.922197594,161.7815736,0
340.006527,4.198474022,165.6565813,0
341.006547,4.355993087,167.5940852,0
342.022192,6.540141205,166.6253333,0
343.022211,8.423201221,167.5940852,0
344.006604,6.545566216,171.4690929,0
345.006624,9.327240529,176.3128526,0
346.006643,13.98703422,176.3128526,0
347.006662,13.40655806,179.2191084,0
348.006681,16.77171167,176.3128526,0
349.006701,20.1519778,185.0316201,0
350.022345,20.64410379,187.9378759,0
351.006739,19.36738561,186.000372,0
352.006758,20.70823517,188.9066278,0
353.006777,19.99814,189.8753798,0
354.006796,19.33725742,188.9066278,0
355.006815,22.0234128,196.6566433,0
356.006835,23.80175073,197.6253953,0
357.02248,23.55539711,201.500403,0
358.006873,24.43473324,203.4379069,0
359.006892,24.38397064,204.4066588,0
360.006912,26.30713699,211.1879224,0
361.006931,28.21635331,216.0316821,0
362.00695,24.96977494,219.9066898,0
363.006969,26.00595201,222.8129456,0
364.006989,28.9501829,224.7504495,0
365.022633,25.89871117,225.7192014,0
366.007027,30.46472968,232.500465,0
367.007046,28.61780411,233.4692169,0
368.007065,27.43418299,237.3442247,0
369.007084,26.86969124,239.2817286,0
370.007103,28.16190945,242.1879844,0
371.007123,29.80791587,240.2504805,0
372.022768,32.58203391,244.1254883,0
373.007161,30.53564232,248.000496,0
374.00718,31.54566309,251.8755038,0
375.0072,27.53086444,252.8442557,0
376.007219,29.0489956,253.8130076,0
377.007238,33.39888555,256.7192634,0
378.007258,35.58371179,263.500527,0
379.007277,32.7226967,264.4692789,0
380.022921,33.46301693,263.500527,0
381.007315,33.98062109,264.4692789,0
382.007334,34.17408085,264.4692789,0
383.007353,33.43482624,262.5317751,0
384.007372,32.26922391,267.3755348,0
385.007392,36.5998357,271.2505425,0
386.007411,35.2603424,268.3442867,0
387.00743,35.78201531,273.1880464,0
388.054325,35.24648924,270.2817906,0
389.007468,36.0761284,268.3442867,0
390.007488,38.36325485,269.3130386,0
391.007507,39.64045741,267.3755348,0
392.007526,36.47612608,269.3130386,0
393.007545,35.58438992,260.5942712,0
394.007565,36.61746698,258.6567673,0
395.007584,37.31341838,256.7192634,0
396.007603,39.91606733,257.6880154,0
397.023247,36.57503565,255.7505115,0
398.023266,35.91124682,251.8755038,0
399.00766,36.3268414,243.1567363,0
400.00768,35.72117769,244.1254883,0
401.007699,38.04104796,240.2504805,0
402.007718,39.17196897,237.3442247,0
403.007737,36.05520336,232.500465,0
404.007756,36.61988886,234.4379689,0
405.007776,35.93934063,233.4692169,0
406.02342,36.86081747,239.2817286,0
407.039064,35.89293741,235.4067208,0
408.007833,37.23863073,238.3129766,0
409.007853,38.58655217,235.4067208,0
410.007872,35.32776753,236.3754728,0
411.007891,36.03640957,229.5942092,0
412.00791,39.66612933,229.5942092,0
413.007929,36.50983864,213.1254263,0
414.023574,37.29055583,200.5316511,0
415.007968,37.6605222,201.500403,0
416.007987,35.81979664,196.6566433,0
417.008006,38.12193874,191.8128836,0
418.008025,36.39823842,184.0628681,0
419.008044,35.29105183,185.0316201,0
420.008064,38.6743211,181.1566123,0
421.008083,34.41258758,180.1878604,0
422.008102,34.7854602,177.2816046,0
423.023747,36.3252914,176.3128526,0
424.023766,35.21732981,172.4378449,0
425.00816,39.0878813,169.5315891,0
426.008179,36.91293633,168.5628371,0
427.008198,33.09828182,164.6878294,0
428.008217,35.57043989,158.8753178,0
429.008236,35.79005596,155.9690619,0
430.008256,35.56046175,150.1565503,0
431.008275,36.51671678,146.2815426,0
432.008294,38.08376992,144.3440387,0
433.023939,36.77246729,140.4690309,0
434.023958,36.79319859,136.5940232,0
435.008352,35.89632804,130.7815116,0
436.008371,37.83799755,129.8127596,0
437.00839,35.53004294,128.8440077,0
438.008409,39.00098425,124.9689999,0
439.008429,36.77808606,122.0627441,0
440.008448,36.89356129,114.3127286,0
441.008467,36.4135447,109.4689689,0
442.024111,38.2478765,112.3752248,0
443.008505,39.11675011,108.500217,0
444.008524,36.32829453,105.5939612,0
445.008544,37.50213125,101.7189534,0
446.008563,38.25775777,98.81269763,0
447.008582,37.31816526,96.68144336,0
448.008601,37.20394941,94.35643871,0
449.00862,38.32217977,95.32519065,0
450.024265,37.63058776,94.25956352,0
451.008659,34.99102936,88.05955112,0
452.008678,36.81577051,87.38142476,0
453.008697,39.30478486,80.30953562,0
454.008717,39.08332817,82.82829066,0
455.008736,37.37367475,80.98766198,0
456.008755,35.97227819,78.37203174,0
457.008774,35.24736112,80.11578523,0
458.008793,35.60928684,76.53140306,0
459.024438,38.04463234,72.07514415,0
460.008832,37.49118436,73.81889764,0
461.008851,38.45916129,71.3001426,0
462.00887,37.09825857,71.49389299,0
463.008889,36.40201655,69.84701469,0
464.008908,36.54103246,67.61888524,0
465.008928,38.21048267,67.03763408,0
466.008947,36.6232795,67.90951082,0
467.008966,37.13400552,65.00325501,0
468.024611,34.34148118,67.90951082,0
469.02463,34.81549151,62.19387439,0
470.024649,35.31197687,59.77199454,0
471.009043,34.70805692,62.38762478,0
472.009062,37.5734314,60.74074648,0
473.009081,38.86419648,61.51574803,0
474.0091,32.873822,58.60949222,0
475.00912,35.8609686,59.28761858,0
476.009139,36.11565348,55.41261083,0
477.009158,37.30111523,57.83449067,0
478.009177,36.90557381,55.21886044,0
479.024822,33.06350363,57.64074028,0
480.009216,33.94690852,55.60636121,0
481.009235,34.50297213,53.66885734,0
482.009254,35.27487367,50.66572633,0
483.009273,36.74892662,55.02511005,0
484.009293,34.29168733,53.95948292,0
485.009312,34.65826307,56.57511315,0
486.009331,34.57775978,58.22199144,0
487.00935,33.08200679,53.86260773,0
488.024994,33.57142027,53.57198214,0
489.009388,35.75992777,54.54073408,0
490.009408,33.80149885,58.51261703,0
491.009427,36.03456894,55.50948602,0
492.009446,33.24388524,53.37823176,0
493.009465,32.37840226,53.57198214,0
494.009484,33.06137237,53.18448137,0
495.009504,34.08747442,54.63760928,0
496.009523,34.84377906,54.54073408,0
497.025168,31.60349758,53.95948292,0
498.009561,31.0633215,52.99073098,0
499.009581,33.56086087,51.1501023,0
500.0096,31.92415447,50.56885114,0
501.009619,31.76479478,53.66885734,0
502.009638,32.25546764,52.60323021,0
503.009657,29.80907837,52.02197904,0
504.009677,31.36063147,48.92197284,0
505.025321,30.05979137,49.89072478,0
506.02534,30.877418,46.11259223,0
507.009734,35.2240142,45.72509145,0
508.009753,35.08402954,45.04696509,0
509.009772,30.91975246,43.01258603,0
510.009792,32.08448292,0,0
511.009811,32.81007812,0,0
512.00983,31.64098828,0,0
513.009849,33.37660425,0,0
514.025494,31.06467775,0,0
515.009888,30.4626953,0,0
516.009907,31.17937798,0,0
517.009926,31.66075082,0,0
518.009945,33.28873845,0,0
519.009965,32.3524397,0,0
520.009984,29.12843326,0,0
521.010003,29.30610236,0,0
522.010022,32.52720255,0,0
523.025667,28.45854129,0,0
524.01006,33.02242854,0,0
525.01008,29.5629185,0,0
526.010099,32.97931908,0,0
527.010118,29.84666594,0,0
528.010137,30.84903357,0,0
529.010157,32.61671523,0,0
530.010176,29.53734345,0,0
531.010195,32.54173383,0,0
532.010214,27.73129921,0,0
533.025858,29.98500372,0,0
534.025878,30.15075718,0,0
535.010272,32.06723913,0,0
536.010291,36.03650645,0,0
537.01031,32.5364057,0,0
538.010329,32.61196835,0,0
539.010348,35.24794237,0,0
540.010367,36.09230656,0,0
541.010387,34.82992591,0,0
542.010406,35.32922066,0,0
543.026051,33.872799,0,0
544.010445,33.91900846,0,0
545.010464,32.64761842,0,0
546.010483,35.51764291,0,0
547.010502,33.28496032,0,0
548.010521,37.89806017,0,0
549.010541,37.34519344,0,0
550.01056,31.97346395,0,0
551.010579,34.09716194,0,0
552.026223,36.8505487,0,0
553.026243,36.52882618,0,0
554.010636,38.20777017,0,0
555.010655,35.96559381,0,0
556.010675,37.71961606,0,0
557.010694,36.62938263,0,0
558.010713,41.30012323,0,0
559.010733,36.87544563,0,0
560.010752,37.07820541,0,0
561.026396,38.88260277,0,0
562.026415,35.82086227,0,0
563.010809,39.34595682,0,0
564.010829,37.83731942,0,0
565.010848,42.25008138,0,0
566.010867,38.85189333,0,0
567.010886,39.17003147,0,0
568.010905,38.47059257,0,0
569.010924,40.57840303,0,0
570.010943,41.26137315,0,0
571.026588,38.51360515,0,0
572.026608,43.74147498,0,0
573.011001,41.54734872,0,0
574.011021,39.0125124,0,0
575.01104,39.86714536,0,0
576.011059,40.70637516,0,0
577.011078,42.24814387,0,0
578.011097,42.41234732,0,0
579.011117,39.75816077,0,0
580.011136,44.16559458,0,0
581.011155,41.66311458,0,0
582.026799,43.81471263,0,0
583.011193,44.44352951,0,0
584.011212,44.57644228,0,0
585.011231,42.55359136,0,0
586.011251,44.75294888,0,0
587.01127,44.41223882,0,0
588.011289,46.80059985,0,0
589.011308,46.92004697,0,0
590.011328,44.97643995,0,0
591.026972,46.70275591,0,0
592.026991,46.00777327,0,0
593.011385,48.27445905,0,0
594.011405,48.95956042,0,0
595.011424,49.10991072,0,0
596.011443,48.29557784,0,0
597.011462,48.02539293,0,0
598.011481,52.83040254,0,0
599.0115,51.69512214,0,0
600.027145,53.11240622,0,0
601.027164,53.15125318,0,0
602.027184,53.6475448,0,0
603.011577,52.40502356,0,0
604.011596,55.76446153,0,0
605.011616,53.30044098,0,0
606.011635,54.12969263,0,0
607.011654,59.04978997,0,0
608.011673,56.39754092,0,0
609.011693,57.16982996,0,0
610.011712,59.66610996,0,0
611.027356,62.07520228,0,0
612.027375,57.80436248,0,0
613.011769,61.67336397,0,0
614.011788,58.4884951,0,0
615.011807,62.67737848,0,0
616.011827,64.35729121,0,0
617.011846,64.97622683,0,0
618.011865,60.95270941,0,0
619.011884,62.60840334,0,0
620.011904,62.1899025,0,0
621.011923,63.89093403,0,0
622.027567,63.57521778,0,0
623.011962,68.11943936,0,0
624.011981,63.99158736,0,0
625.012,64.40776319,0,0
626.012019,61.91351758,0,0
627.012038,64.10686884,0,0
628.012057,67.49294749,0,0
629.012076,69.0257068,0,0
630.012095,68.54830585,0,0
631.02774,67.27565643,0,0
632.012134,68.8378658,0,0
633.012153,68.74447811,0,0
634.012172,71.18447362,0,0
635.012192,71.30421136,0,0
636.012211,73.24374961,0,0
637.01223,70.11778086,0,0
638.012249,70.34030318,0,0
639.012269,71.28086444,0,0
640.027913,73.59191906,0,0
641.012307,70.61116622,0,0
642.012326,69.26411665,0,0
643.012345,72.54595759,0,0
644.012364,69.14060078,0,0
645.012384,70.88125426,0,0
646.012403,74.87745288,0,0
647.012422,73.15171818,0,0
648.012441,73.28317782,0,0
649.028086,71.57410565,0,0
650.028105,73.05232423,0,0
651.012499,74.61569611,0,0
652.012518,73.18291199,0,0
653.012537,75.16391283,0,0
654.012557,72.0609035,0,0
655.012576,72.47388245,0,0
656.012595,73.10473371,0,0
657.028239,78.46212567,0,0
658.028258,74.94933427,0,0
659.012652,75.36744761,0,0
660.012672,75.00959064,0,0
661.012691,72.561167,0,0
662.01271,74.80654024,0,0
663.012729,75.8618986,0,0
664.012748,73.10812434,0,0
665.012768,75.16740033,0,0
666.012787,73.0512586,0,0
667.012806,76.79616297,0,0
668.028451,78.69511052,0,0
669.02847,77.81199625,0,0
670.028489,78.74131998,0,0
671.012883,79.01324865,0,0
672.012902,76.07715528,0,0
673.012921,74.50060838,0,0
674.01294,77.97649033,0,0
675.01296,77.92718085,0,0
676.012979,81.29417509,0,0
677.012998,76.61878449,0,0
678.013017,77.34447656,0,0
679.013036,76.83888493,0,0
680.013056,81.23139996,0,0
681.0287,81.74319161,0,0
682.013094,82.81579376,0,0
683.013113,79.04880185,0,0
684.013133,81.16068107,0,0
685.013152,80.07238514,0,0
686.013171,82.36348348,0,0
687.01319,83.11581623,0,0
688.013209,83.79123008,0,0
689.013228,82.13495489,0,0
690.028873,81.58925693,0,0
691.028892,86.01064077,0,0
692.013286,88.58461467,0,0
693.013305,89.89582042,0,0
694.013324,88.41576121,0,0
695.013344,89.39923817,0,0
696.013363,89.48652272,0,0
697.013382,92.05826849,0,0
698.013401,93.54859647,0,0
699.029046,92.37204724,0,0
700.029065,92.16802809,0,0
701.013459,92.25260013,0,0
702.013478,90.31325563,0,0
703.013497,90.14517717,0,0
704.013516,93.80754387,0,0
705.013536,96.38858965,0,0
706.013555,94.61180172,0,0
707.013574,97.36363848,0,0
708.029219,97.53762633,0,0
709.029238,100.121869,0,0
710.013632,102.8871714,0,0
711.013651,104.7620939,0,0
712.01367,104.730997,0,0
713.013689,102.0016353,0,0
714.013709,102.1170136,0,0
715.013728,107.3730741,0,0
716.013747,108.2923228,0,0
717.013766,108.3137323,0,0
718.013785,107.3422678,0,0
719.02943,106.3556908,0,0
720.013824,105.4539765,0,0
721.013843,110.0204794,0,0
722.013862,112.4295717,0,0
723.013881,109.8131665,0,0
724.0139,111.0536534,0,0
725.01392,110.2696424,0,0
726.013939,110.9224843,0,0
727.013958,109.4918315,0,0
728.029603,111.0911441,0,0
729.013997,108.4213606,0,0
730.014016,112.6335909,0,0
731.014035,109.4700346,0,0
732.014054,112.6736003,0,0
733.014073,112.0523397,0,0
734.014092,115.3127713,0,0
735.014112,116.2419012,0,0
736.014131,113.0326198,0,0
737.029775,116.2813294,0,0
738.014169,116.3073889,0,0
739.014188,116.3944797,0,0
740.014208,116.245195,0,0
741.014227,118.6745342,0,0
742.014246,117.5695758,0,0
743.014265,116.2856888,0,0
744.014285,120.0632401,0,0
745.014304,118.5029683,0,0
746.029948,123.1730307,0,0
747.014342,118.2922647,0,0
748.014361,117.4034348,0,0
749.014381,118.8712877,0,0
750.0144,121.5349681,0,0
751.014419,122.2631789,0,0
752.014438,121.4124209,0,0
753.014457,122.7805893,0,0
754.030102,120.8942355,0,0
755.030121,118.4979307,0,0
756.014515,122.3811729,0,0
757.014534,123.6605067,0,0
758.014553,122.6388609,0,0
759.014573,121.3239739,0,0
760.014592,124.3430893,0,0
761.030236,121.4739367,0,0
762.01463,122.5697889,0,0
763.030274,124.2341047,0,0
764.014669,125.4646134,0,0
765.014688,122.8518895,0,0
766.014707,121.3151583,0,0
767.014726,128.2849409,0,0
768.014745,127.6392678,0,0
769.014764,127.2390764,0,0
770.014784,128.2299158,0,0
771.014803,124.2124047,0,0
772.030448,127.0063821,0,0
773.030467,128.9026172,0,0
774.014861,127.4116111,0,0
775.01488,128.9194735,0,0
776.014899,125.9102393,0,0
777.014918,125.417629,0,0
778.014937,126.3161464,0,0
779.014957,130.1715853,0,0
780.030601,131.235275,0,0
781.046246,130.4390578,0,0
782.015014,131.8067417,0,0
783.015033,129.5696029,0,0
784.015052,130.9260494,0,0
785.015071,134.4277001,0,0
786.015091,136.6960328,0,0
787.01511,136.4471604,0,0
788.015129,137.7992475,0,0
789.030774,137.7166129,0,0
790.015168,137.7612724,0,0
791.015187,138.981803,0,0
792.015206,137.0191115,0,0
793.015225,141.4414641,0,0
794.015245,141.88089,0,0
795.015264,136.5412262,0,0
796.015283,139.761842,0,0
797.015302,141.7956398,0,0
798.030947,143.8153908,0,0
799.01534,144.8609647,0,0
800.015359,142.0583654,0,0
801.015379,140.859438,0,0
802.015398,143.6756967,0,0
803.015417,145.6320913,0,0
804.015437,144.1088257,0,0
805.015456,148.2633184,0,0
806.0311,152.1328043,0,0
807.031119,152.0346697,0,0
808.015513,148.7152412,0,0
809.015533,151.3720434,0,0
810.015552,147.7337986,0,0
811.015571,154.7847627,0,0
812.01559,150.5477323,0,0
813.015609,146.2417269,0,0
814.015628,154.3152086,0,0
815.031273,153.1227719,0,0
816.031292,153.6407635,0,0
817.015686,152.4293392,0,0
818.015705,149.6661681,0,0
819.015725,150.9267081,0,0
820.015744,148.8739227,0,0
821.015763,151.834138,0,0
822.015782,151.138671,0,0
823.015801,147.1704693,0,0
824.031446,146.9785596,0,0
825.031465,149.2937798,0,0
826.015859,148.2344496,0,0
827.015878,150.3595038,0,0
828.015897,147.2277226,0,0
829.015916,147.7180079,0,0
830.015935,146.0321858,0,0
831.015955,149.3575237,0,0
832.015974,146.3621427,0,0
833.031619,150.3492351,0,0
834.016012,148.859004,0,0
835.016032,145.4760253,0,0
836.016051,145.2908,0,0
837.01607,146.8905969,0,0
838.016089,149.8009215,0,0
839.016109,147.8396832,0,0
840.016128,144.1529039,0,0
841.031772,145.3962002,0,0
842.016166,144.5870017,0,0
843.016185,144.3233074,0,0
844.016204,146.1041641,0,0
845.016223,146.7320122,0,0
846.016243,144.5444735,0,0
847.016262,146.1918361,0,0
848.016281,143.9993567,0,0
849.0163,149.9692906,0,0
850.031945,145.2780124,0,0
851.016339,146.500868,0,0
852.016358,147.1456693,0,0
853.016377,144.8009021,0,0
854.016397,148.2078089,0,0
855.016416,145.1160371,0,0
856.016435,145.6634788,0,0
857.016454,145.4431846,0,0
858.032098,144.4385889,0,0
859.016492,140.1665866,0,0
860.016511,139.8071796,0,0
861.016531,136.2531194,0,0
862.01655,136.2213443,0,0
863.016569,131.8992575,0,0
864.016588,129.6595999,0,0
865.016608,129.1041176,0,0
866.016627,134.6127317,0,0
867.016646,125.9595488,0,0
868.032291,124.1266701,0,0
869.03231,121.2567425,0,0
870.016704,117.9412859,0,0
871.016723,111.9219457,0,0
872.016742,116.388764,0,0
873.016761,108.7068518,0,0
874.01678,110.1964048,0,0
875.016799,106.2344031,0,0
876.016819,104.3123024,0,0
877.032464,101.050999,0,0
878.016857,100.5291323,0,0
879.016876,101.3419152,0,0
880.016896,101.1095116,0,0
881.016915,94.62768926,0,0
882.016934,95.70058203,0,0
883.016953,90.19758665,0,0
884.016973,91.16246357,0,0
885.016992,91.69392089,0,0
886.017011,92.10583421,0,0
887.032655,84.97465745,0,0
888.032674,82.84098131,0,0
889.017068,82.54628697,0,0
890.017088,81.09180281,0,0
891.017107,80.91955871,0,0
892.017126,76.6140376,0,0
893.017145,80.11452585,0,0
894.017164,75.38866328,0,0
895.017184,72.60146708,0,0
896.032828,72.25765702,0,0
897.032847,73.68453174,0,0
898.017241,73.48729385,0,0
899.017261,70.97028257,0,0
900.01728,69.41708258,0,0
901.017299,69.877046,0,0
902.017318,68.93570975,0,0
903.017337,69.18496962,0,0
904.017356,68.89230966,0,0
905.033001,66.43720162,0,0
906.03302,65.56745613,0,0
907.017414,66.29876697,0,0
908.017433,69.33183241,0,0
909.017452,70.19828415,0,0
910.017472,66.42470472,0,0
911.017491,63.77458692,0,0
912.01751,63.09917307,0,0
913.033155,64.76571703,0,0
914.017549,62.6515128,0,0
915.017568,64.01667803,0,0
916.017587,60.44789277,0,0
917.017606,59.70863817,0,0
918.017625,57.60935272,0,0
919.017644,60.60502434,0,0
920.017664,57.55364948,0,0
921.017683,55.77443967,0,0
922.033327,56.17821548,0,0
923.017721,52.71977106,0,0
924.01774,53.58099154,0,0
925.01776,51.14642104,0,0
926.017779,53.09293431,0,0
927.017798,49.81399963,0,0
928.017817,48.47915633,0,0
929.017837,45.39290641,0,0
930.017856,47.26114452,0,0
931.049125,44.35081995,0,0
932.033519,44.39596379,0,0
933.017913,44.70441441,0,0
934.017932,39.02142492,0,0
935.017952,36.90005193,0,0
936.017971,38.23596085,0,0
937.01799,37.53245319,0,0
938.018009,40.03590195,0,0
939.018028,37.93981338,0,0
940.033673,35.85263733,0,0
941.033692,35.9726657,0,0
942.018086,34.61263485,0,0
943.018105,35.94040626,0,0
944.018125,32.25459576,0,0
945.018144,33.9891461,0,0
946.018163,29.38156814,0,0
947.018182,26.66838459,0,0
948.018201,30.69538952,0,0
949.01822,26.96462893,0,0
950.033865,28.66488545,0,0
951.018259,29.32925553,0,0
952.018278,22.91592396,0,0
953.018297,22.99342411,0,0
954.018316,25.69672639,0,0
955.018336,26.28882758,0,0
956.018355,25.00930002,0,0
957.018374,22.01517841,0,0
958.018393,21.50687426,0,0
959.034038,17.67594473,0,0
960.018432,20.61445998,0,0
961.018451,21.21411743,0,0
962.01847,18.12457375,0,0
963.018489,18.6882905,0,0
964.018508,18.85007208,0,0
965.018528,16.77994606,0,0
966.018547,13.78301507,0,0
967.034191,17.35315658,0,0
968.034211,17.90069518,0,0
969.018604,15.09790207,0,0
970.018624,15.45343403,0,0
971.018643,17.22634695,0,0
972.018662,19.05806312,0,0
973.018681,18.07352052,0,0
974.018701,14.5487166,0,0
975.01872,13.4251581,0,0
976.018739,15.04791447,0,0
977.034383,14.33675367,0,0
978.018777,16.23715435,0,0
979.018796,16.12865413,0,0
980.018816,14.70739816,0,0
981.018835,14.38402877,0,0
982.018854,14.53757595,0,0
983.018873,17.00837777,0,0
984.018892,16.69847402,0,0
985.034537,15.21473355,0,0
986.034556,17.55175073,0,0
987.01895,13.53191456,0,0
988.018969,11.85035495,0,0
989.018989,14.22835033,0,0
990.019008,16.13601665,0,0
991.019027,15.10875209,0,0
992.019046,13.31162037,0,0
993.019065,12.3867529,0,0
994.03471,13.60001783,0,0
995.034729,14.10812822,0,0
996.019123,13.16495133,0,0
997.019142,13.94305289,0,0
998.019161,16.81646801,0,0
999.01918,12.19949315,0,0
1000.0192,13.71132742,0,0
1001.019219,13.32663603,0,0
1002.019238,10.89322804,0,0
1003.019257,15.58954368,0,0
1004.034902,13.19895452,0,0
1005.019296,12.00409588,0,0
1006.019315,14.64636679,0,0
1007.019334,15.98527885,0,0
1008.019353,15.71693456,0,0
1009.019373,11.61756386,0,0
1010.019392,14.08885005,0,0
1011.019411,13.45625504,0,0
1012.01943,16.44282039,0,0
1013.035075,16.59142693,0,0
1014.019468,13.85257146,0,0
1015.019488,13.96339668,0,0
1016.019507,14.76930141,0,0
1017.019526,16.02751643,0,0
1018.019545,16.91479633,0,0
1019.019565,16.19220426,0,0
1020.035209,16.82789928,0,0
1021.019603,13.13288564,0,0
1022.019622,11.60041695,0,0
1023.019641,12.84720069,0,0
1024.019661,15.28041494,0,0
1025.01968,14.50405713,0,0
1026.019699,13.34058606,0,0
1027.019718,14.07664378,0,0
1028.019737,14.24152536,0,0
1029.035382,14.87043912,0,0
1030.035401,12.61353773,0,0
1031.019795,18.39863367,0,0
1032.019814,14.61061985,0,0
1033.019833,14.36329748,0,0
1034.019853,14.56751039,0,0
1035.019872,14.47712583,0,0
1036.019891,15.84093481,0,0
1037.01991,17.11435923,0,0
1038.019929,14.73462009,0,0
1039.035574,15.73601897,0,0
1040.051218,15.09247706,0,0
1041.019987,15.74735337,0,0
1042.020006,16.95538704,0,0
1043.020025,15.09451144,0,0
1044.020044,17.31818464,0,0
1045.020063,11.2491475,0,0
1046.020083,14.34556932,0,0
1047.020102,14.17661898,0,0
1048.035747,16.4107547,0,0
1049.051391,16.1143166,0,0
1050.02016,14.30623799,0,0
1051.020179,10.74646212,0,0
1052.020198,13.67916486,0,0
1053.020217,13.83939643,0,0
1054.020237,17.39733167,0,0
1055.020256,15.09354269,0,0
1056.020275,14.99075811,0,0
1057.020294,12.87122574,0,0
1058.035939,11.1886005,0,0
1059.035958,16.42654535,0,0
1060.020351,17.1488468,0,0
1061.020371,15.13190526,0,0
1062.02039,15.24185861,0,0
1063.020409,13.08309179,0,0
1064.020429,12.9381665,0,0
1065.020448,16.30874512,0,0
1066.020467,16.94482764,0,0
1067.020486,13.73108996,0,0
1068.03613,14.93970488,0,0
1069.03615,12.63049089,0,0
1070.020544,12.55308761,0,0
1071.020563,14.0148374,0,0
1072.020582,14.47073207,0,0
1073.020601,11.49956987,0,0
1074.02062,11.17794423,0,0
1075.020639,10.84614669,0,0
1076.036284,10.73997148,0,0
1077.020678,11.37091962,0,0
1078.020697,12.7772568,0,0
1079.020716,9.817525885,0,0
1080.020736,10.84798732,0,0
1081.020755,12.52276567,0,0
1082.020774,13.25359213,0,0
1083.020793,10.77988406,0,0
1084.020813,9.478753333,0,0
1085.020832,10.80216535,0,0
1086.036476,9.300309226,0,0
1087.02087,10.7231152,0,0
1088.020889,7.432167989,0,0
1089.020908,11.55876062,0,0
1090.020927,12.22690883,0,0
1091.020947,9.903938558,0,0
1092.020966,7.963334677,0,0
1093.020985,8.851195827,0,0
1094.021004,8.959017918,0,0
1095.036649,10.79199346,0,0
1096.036668,10.9117312,0,0
1097.021062,10.55338986,0,0
1098.021081,10.08247954,0,0
1099.021101,11.0390252,0,0
1100.02112,9.735860097,0,0
1101.036764,11.03883145,0,0
1102.021158,5.945133765,0,0
1103.021177,7.367939736,0,0
1104.036822,9.761241397,0,0
1105.021215,11.24672562,0,0
1106.021235,9.906457313,0,0
1107.021254,11.93889888,0,0
1108.021273,9.229493459,0,0
1109.021292,10.7125558,0,0
1110.021312,8.364010478,0,0
1111.021331,9.750585126,0,0
1112.036975,12.65713156,0,0
1113.02137,8.988274227,0,0
1114.021389,11.626767,0,0
1115.021408,7.045345341,0,0
1116.021427,8.074644274,0,0
1117.021446,8.100703701,0,0
1118.021465,10.47986158,0,0
1119.021484,10.9859376,0,0
1120.021503,6.37758463,0,0
1121.037148,6.895576291,0,0
1122.021542,8.406054312,0,0
1123.021561,6.631300763,0,0
1124.02158,5.62273312,0,0
1125.0216,7.948609647,0,0
1126.021619,9.402900056,0,0
1127.021638,7.27755518,0,0
1128.037283,8.199128898,0,0
1129.021677,8.264907155,0,0
1130.021696,9.260784147,0,0
1131.021715,8.764976905,0,0
1132.021734,8.176169477,0,0
1133.021753,8.968705437,0,0
1134.021772,8.762070649,0,0
1135.021792,9.564584754,0,0
1136.037436,6.361309598,0,0
1137.037456,8.711501798,0,0
1138.021849,8.568126511,0,0
1139.021868,6.776322928,0,0
1140.021888,6.873004371,0,0
1141.021907,5.231066712,0,0
1142.021926,9.942301135,0,0
1143.021945,8.663064201,0,0
1144.021965,8.116591233,0,0
1145.021984,8.397141794,0,0
1146.022003,8.753351882,0,0
1147.037647,8.75499876,0,0
1148.022041,8.737754976,0,0
1149.02206,7.388477277,0,0
1150.02208,8.037734825,0,0
1151.022099,6.23265934,0,0
1152.022118,8.949330399,0,0
1153.037763,8.418163711,0,0
1154.022156,9.685969372,0,0
1155.022176,10.19601727,0,0
1156.022195,8.449357524,0,0
1157.022214,9.024214923,0,0
1158.022233,6.098196571,0,0
1159.022253,7.608674592,0,0
1160.022272,8.523757673,0,0
1161.022291,7.256920764,0,0
1162.037935,6.513306777,0,0
1163.022329,9.651288053,0,0
1164.022348,4.300677351,0,0
1165.022368,7.365905357,0,0
1166.022387,10.33173941,0,0
1167.022406,9.150346426,0,0
1168.022425,7.594724564,0,0
1169.03807,5.671751969,0,0
1170.038089,9.015302406,0,0
1171.022483,7.336842799,0,0
1172.022502,7.78246869,0,0
1173.022521,6.656294563,0,0
1174.022541,5.657898816,0,0
1175.02256,8.017003534,0,0
1176.022579,8.335044795,0,0
1177.022598,6.822726145,0,0
1178.022617,7.48012121,0,0
1179.038262,7.224080073,0,0
1180.022656,2.916330833,0,0
1181.022675,8.316541633,0,0
1182.022694,8.46737631,0,0
1183.022713,8.282054064,0,0
1184.022732,5.940290006,0,0
1185.022752,6.22984996,0,0
1186.022771,6.357047089,0,0
1187.038415,8.082103664,0,0
1188.022809,4.877472255,0,0
1189.038454,7.019576539,0,0
1190.022848,4.02274242,0,0
1191.022867,8.200194525,0,0
1192.022886,7.198214396,0,0
1193.022905,7.391964784,0,0
1194.022924,8.032697315,0,0
1195.022944,6.233531217,0,0
1196.038588,6.424278474,0,0
1197.038607,5.828980408,0,0
1198.023001,6.098971573,0,0
1199.02302,7.101242327,0,0
1200.02304,6.698629022,0,0
1201.023059,7.318339637,0,0
1202.023078,9.40018755,0,0
1203.023097,7.555490111,0,0
1204.023117,6.507881766,0,0
1205.023136,5.538257952,0,0
1206.023155,8.801983229,0,0
1207.038799,5.396432668,0,0
1208.023193,6.061383998,0,0
1209.023212,5.529248558,0,0
1210.023232,5.842833561,0,0
1211.023251,6.174243598,0,0
1212.02327,5.47984221,0,0
1213.05454,5.106000837,0,0
1214.054559,4.987716225,0,0
1215.023328,1.991947734,0,0
1216.023347,3.714001178,0,0
1217.023366,5.16015407,0,0
1218.023385,7.043407837,0,0
1219.023405,5.43024211,0,0
1220.023424,4.229861585,0,0
1221.023443,5.408638942,0,0
1222.023462,2.740792982,0,0
1223.039106,7.732868591,0,0
1224.0235,5.367854486,0,0
1225.02352,3.046240467,0,0
1226.023539,6.396572168,0,0
1227.023558,5.26497303,0,0
1228.023577,4.06023312,0,0
1229.023596,6.439778505,0,0
1230.023616,3.286975324,0,0
1231.023635,4.512834026,0,0
1232.03928,2.744280489,0,0
1233.023673,3.73492622,0,0
1234.023693,3.625263501,0,0
1235.023712,7.314949005,0,0
1236.023731,6.371287743,0,0
1237.02375,3.897289045,0,0
1238.023769,2.329364034,0,0
1239.023788,7.523424422,0,0
1240.023808,4.944800515,0,0
1241.023827,5.08497892,0,0
1242.070722,5.396335793,0,0
1243.023865,5.106485213,0,0
1244.023884,4.465946432,0,0
1245.023904,3.016984159,0,0
1246.023923,5.273110546,0,0
1247.023942,4.51477153,0,0
1248.023961,3.320397266,0,0
1249.023981,4.025067425,0,0
1250.039625,2.866827609,0,0
1251.039644,3.973045446,0,0
1252.024038,5.473448447,0,0
1253.024057,4.864781605,0,0
1254.024077,6.457894166,0,0
1255.024096,7.213326927,0,0
1256.024115,6.669953965,0,0
1257.024134,4.440758882,0,0
1258.039779,6.268503162,0,0
1259.024172,3.883339017,0,0
1260.039817,3.903876558,0,0
1261.039836,3.274478424,0,0
1262.02423,3.413009951,0,0
1263.024249,5.416388958,0,0
1264.024269,2.149466799,0,0
1265.039913,4.04996435,0,0
1266.024307,3.592810311,0,0
1267.024326,2.141910534,0,0
1268.024345,4.132502015,0,0
1269.024365,2.55983012,0,0
1270.024384,3.430253736,0,0
1271.055654,3.162781326,0,0
1272.040047,3.909010943,0,0
1273.024441,3.137109399,0,0
1274.02446,6.284584444,0,0
1275.02448,2.640914657,0,0
1276.024499,5.353807583,0,0
1277.024518,2.691192882,0,0
1278.024537,4.841047182,0,0
1279.024557,1.904856935,0,0
1280.040201,3.563457127,0,0
1281.055845,0.921089342,0,0
1282,0,0,0
