s,C,g/g,g/g,g/g,g/g,g/g,1/s,1/s,1/s,1/s,1/s,W/g,W/g
Time,Temp,Total Mass,dry wood Mass,water Mass,char Mass,ash Mass,Total MLR, dry wood MLR, water MLR, char MLR, ash MLR,MCC,DSC
0.0000e+00,2.0000e+01,1.0000e+00,9.0000e-01,1.0000e-01,0.0000e+00,0.0000e+00,0.0000e+00,0.0000e+00,0.0000e+00,0.0000e+00,0.0000e+00,0.0000e+00,0.0000e+00
1.2000e+01,2.1000e+01,9.9963e-01,9.0000e-01,9.9627e-02,0.0000e+00,0.0000e+00,3.1596e-05,0.0000e+00,0.0000e+00,3.1596e-05,0.0000e+00,0.0000e+00,1.9418e-01
2.4000e+01,2.2000e+01,9.9924e-01,9.0000e-01,9.9240e-02,0.0000e+00,0.0000e+00,3.2820e-05,0.0000e+00,0.0000e+00,3.2820e-05,0.0000e+00,0.0000e+00,1.9725e-01
3.6000e+01,2.3000e+01,9.9884e-01,9.0000e-01,9.8838e-02,0.0000e+00,0.0000e+00,3.4076e-05,0.0000e+00,0.0000e+00,3.4076e-05,0.0000e+00,0.0000e+00,2.0039e-01
4.8000e+01,2.4000e+01,9.9842e-01,9.0000e-01,9.8421e-02,5.7176e-33,0.0000e+00,3.5364e-05,-1.0300e-16,4.1200e-17,3.5364e-05,0.0000e+00,-9.2627e-13,2.0360e-01
6.0000e+01,2.5000e+01,9.9799e-01,9.0000e-01,9.7988e-02,4.1200e-17,0.0000e+00,3.6684e-05,1.0300e-16,-4.1200e-17,3.6684e-05,0.0000e+00,9.2627e-13,2.0689e-01
7.2000e+01,2.6000e+01,9.9754e-01,9.0000e-01,9.7539e-02,4.1200e-17,0.0000e+00,3.8035e-05,0.0000e+00,5.7176e-33,3.8035e-05,0.0000e+00,0.0000e+00,2.1025e-01
8.4000e+01,2.7000e+01,9.9707e-01,9.0000e-01,9.7074e-02,4.1200e-17,0.0000e+00,3.9419e-05,0.0000e+00,-5.7176e-33,3.9419e-05,0.0000e+00,0.0000e+00,2.1368e-01
9.6000e+01,2.8000e+01,9.9659e-01,9.0000e-01,9.6592e-02,4.1200e-17,0.0000e+00,4.0833e-05,0.0000e+00,0.0000e+00,4.0833e-05,0.0000e+00,0.0000e+00,2.1719e-01
1.0800e+02,2.9000e+01,9.9609e-01,9.0000e-01,9.6092e-02,4.1200e-17,0.0000e+00,4.2279e-05,0.0000e+00,0.0000e+00,4.2279e-05,0.0000e+00,0.0000e+00,2.2076e-01
1.2000e+02,3.0000e+01,9.9558e-01,9.0000e-01,9.5575e-02,4.1200e-17,0.0000e+00,4.3755e-05,0.0000e+00,-5.7176e-33,4.3755e-05,0.0000e+00,0.0000e+00,2.2441e-01
1.3200e+02,3.1000e+01,9.9504e-01,9.0000e-01,9.5041e-02,4.1200e-17,0.0000e+00,4.5261e-05,0.0000e+00,0.0000e+00,4.5261e-05,0.0000e+00,0.0000e+00,2.2812e-01
1.4400e+02,3.2000e+01,9.9449e-01,9.0000e-01,9.4488e-02,4.1200e-17,0.0000e+00,4.6796e-05,0.0000e+00,0.0000e+00,4.6796e-05,0.0000e+00,0.0000e+00,2.3189e-01
1.5600e+02,3.3000e+01,9.9392e-01,9.0000e-01,9.3916e-02,4.1200e-17,0.0000e+00,4.8359e-05,0.0000e+00,0.0000e+00,4.8359e-05,0.0000e+00,0.0000e+00,2.3573e-01
1.6800e+02,3.4000e+01,9.9333e-01,9.0000e-01,9.3325e-02,4.1200e-17,0.0000e+00,4.9950e-05,0.0000e+00,0.0000e+00,4.9950e-05,0.0000e+00,0.0000e+00,2.3962e-01
1.8000e+02,3.5000e+01,9.9272e-01,9.0000e-01,9.2715e-02,4.1200e-17,0.0000e+00,5.1568e-05,0.0000e+00,0.0000e+00,5.1568e-05,0.0000e+00,0.0000e+00,2.4358e-01
1.9200e+02,3.6000e+01,9.9209e-01,9.0000e-01,9.2086e-02,4.1200e-17,0.0000e+00,5.3212e-05,0.0000e+00,0.0000e+00,5.3212e-05,0.0000e+00,0.0000e+00,2.4758e-01
2.0400e+02,3.7000e+01,9.9144e-01,9.0000e-01,9.1436e-02,5.7176e-33,0.0000e+00,5.4879e-05,0.0000e+00,0.0000e+00,5.4879e-05,0.0000e+00,0.0000e+00,2.5164e-01
2.1600e+02,3.8000e+01,9.9077e-01,9.0000e-01,9.0767e-02,5.7176e-33,0.0000e+00,5.6570e-05,0.0000e+00,0.0000e+00,5.6570e-05,0.0000e+00,0.0000e+00,2.5574e-01
2.2800e+02,3.9000e+01,9.9008e-01,9.0000e-01,9.0077e-02,8.2399e-17,0.0000e+00,5.8283e-05,1.0300e-16,-4.1200e-17,5.8283e-05,0.0000e+00,9.2627e-13,2.5989e-01
2.4000e+02,4.0000e+01,9.8937e-01,9.0000e-01,8.9366e-02,8.2399e-17,0.0000e+00,6.0016e-05,0.0000e+00,-1.1435e-32,6.0016e-05,0.0000e+00,0.0000e+00,2.6407e-01
2.5200e+02,4.1000e+01,9.8863e-01,9.0000e-01,8.8635e-02,8.2399e-17,0.0000e+00,6.1767e-05,0.0000e+00,0.0000e+00,6.1767e-05,0.0000e+00,0.0000e+00,2.6829e-01
2.6400e+02,4.2000e+01,9.8788e-01,9.0000e-01,8.7882e-02,1.2360e-16,0.0000e+00,6.3535e-05,0.0000e+00,0.0000e+00,6.3535e-05,0.0000e+00,0.0000e+00,2.7254e-01
2.7600e+02,4.3000e+01,9.8711e-01,9.0000e-01,8.7108e-02,8.2399e-17,0.0000e+00,6.5317e-05,0.0000e+00,0.0000e+00,6.5317e-05,0.0000e+00,0.0000e+00,2.7681e-01
2.8800e+02,4.4000e+01,9.8631e-01,9.0000e-01,8.6313e-02,4.1200e-17,0.0000e+00,6.7112e-05,0.0000e+00,0.0000e+00,6.7112e-05,0.0000e+00,0.0000e+00,2.8109e-01
3.0000e+02,4.5000e+01,9.8550e-01,9.0000e-01,8.5496e-02,0.0000e+00,-6.1800e-18,6.8918e-05,0.0000e+00,0.0000e+00,6.8918e-05,0.0000e+00,0.0000e+00,2.8539e-01
3.1200e+02,4.6000e+01,9.8466e-01,9.0000e-01,8.4657e-02,0.0000e+00,-6.1800e-18,7.0731e-05,0.0000e+00,0.0000e+00,7.0731e-05,0.0000e+00,0.0000e+00,2.8970e-01
3.2400e+02,4.7000e+01,9.8380e-01,9.0000e-01,8.3796e-02,8.2399e-17,-6.1800e-18,7.2550e-05,0.0000e+00,0.0000e+00,7.2550e-05,0.0000e+00,0.0000e+00,2.9400e-01
3.3600e+02,4.8000e+01,9.8291e-01,9.0000e-01,8.2914e-02,1.2360e-16,-6.1800e-18,7.4372e-05,0.0000e+00,0.0000e+00,7.4372e-05,0.0000e+00,0.0000e+00,2.9830e-01
3.4800e+02,4.9000e+01,9.8201e-01,9.0000e-01,8.2009e-02,1.2360e-16,-6.1800e-18,7.6194e-05,0.0000e+00,0.0000e+00,7.6194e-05,0.0000e+00,0.0000e+00,3.0258e-01
3.6000e+02,5.0000e+01,9.8108e-01,9.0000e-01,8.1083e-02,1.6480e-16,-6.1800e-18,7.8014e-05,0.0000e+00,0.0000e+00,7.8014e-05,0.0000e+00,0.0000e+00,3.0684e-01
3.7200e+02,5.1000e+01,9.8014e-01,9.0000e-01,8.0135e-02,1.6480e-16,-6.1800e-18,7.9827e-05,0.0000e+00,0.0000e+00,7.9827e-05,0.0000e+00,0.0000e+00,3.1107e-01
3.8400e+02,5.2000e+01,9.7917e-01,9.0000e-01,7.9166e-02,1.6480e-16,-6.1800e-18,8.1632e-05,0.0000e+00,2.2870e-32,8.1632e-05,0.0000e+00,0.0000e+00,3.1525e-01
3.9600e+02,5.3000e+01,9.7817e-01,9.0000e-01,7.8174e-02,1.6480e-16,-6.1800e-18,8.3424e-05,0.0000e+00,0.0000e+00,8.3424e-05,0.0000e+00,0.0000e+00,3.1939e-01
4.0800e+02,5.4000e+01,9.7716e-01,9.0000e-01,7.7162e-02,1.6480e-16,-6.1800e-18,8.5200e-05,-1.0300e-16,4.1200e-17,8.5200e-05,0.0000e+00,-9.2627e-13,3.2348e-01
4.2000e+02,5.5000e+01,9.7613e-01,9.0000e-01,7.6128e-02,1.6480e-16,-6.1800e-18,8.6957e-05,0.0000e+00,0.0000e+00,8.6957e-05,0.0000e+00,0.0000e+00,3.2750e-01
4.3200e+02,5.6000e+01,9.7507e-01,9.0000e-01,7.5073e-02,1.6480e-16,-6.1800e-18,8.8691e-05,0.0000e+00,0.0000e+00,8.8691e-05,0.0000e+00,0.0000e+00,3.3144e-01
4.4400e+02,5.7000e+01,9.7400e-01,9.0000e-01,7.3998e-02,1.6480e-16,-6.1800e-18,9.0398e-05,0.0000e+00,0.0000e+00,9.0398e-05,0.0000e+00,0.0000e+00,3.3530e-01
4.5600e+02,5.8000e+01,9.7290e-01,9.0000e-01,7.2902e-02,1.6480e-16,-6.1800e-18,9.2075e-05,0.0000e+00,-2.2870e-32,9.2075e-05,0.0000e+00,0.0000e+00,3.3907e-01
4.6800e+02,5.9000e+01,9.7179e-01,9.0000e-01,7.1786e-02,1.6480e-16,-6.1800e-18,9.3717e-05,0.0000e+00,0.0000e+00,9.3717e-05,0.0000e+00,0.0000e+00,3.4273e-01
4.8000e+02,6.0000e+01,9.7065e-01,9.0000e-01,7.0651e-02,2.0600e-16,-6.1800e-18,9.5319e-05,0.0000e+00,0.0000e+00,9.5319e-05,0.0000e+00,0.0000e+00,3.4628e-01
4.9200e+02,6.1000e+01,9.6950e-01,9.0000e-01,6.9497e-02,2.8840e-16,-6.1800e-18,9.6879e-05,0.0000e+00,0.0000e+00,9.6879e-05,0.0000e+00,0.0000e+00,3.4970e-01
5.0400e+02,6.2000e+01,9.6832e-01,9.0000e-01,6.8325e-02,2.8840e-16,-6.1800e-18,9.8392e-05,0.0000e+00,0.0000e+00,9.8392e-05,0.0000e+00,0.0000e+00,3.5299e-01
5.1600e+02,6.3000e+01,9.6713e-01,9.0000e-01,6.7135e-02,2.4720e-16,-6.1800e-18,9.9853e-05,0.0000e+00,0.0000e+00,9.9853e-05,0.0000e+00,0.0000e+00,3.5613e-01
5.2800e+02,6.4000e+01,9.6593e-01,9.0000e-01,6.5927e-02,2.4720e-16,-6.1800e-18,1.0126e-04,0.0000e+00,0.0000e+00,1.0126e-04,0.0000e+00,0.0000e+00,3.5911e-01
5.4000e+02,6.5000e+01,9.6470e-01,9.0000e-01,6.4703e-02,2.8840e-16,-6.1800e-18,1.0260e-04,0.0000e+00,0.0000e+00,1.0260e-04,0.0000e+00,0.0000e+00,3.6193e-01
5.5200e+02,6.6000e+01,9.6346e-01,9.0000e-01,6.3464e-02,2.8840e-16,-6.1800e-18,1.0388e-04,0.0000e+00,0.0000e+00,1.0388e-04,0.0000e+00,0.0000e+00,3.6457e-01
5.6400e+02,6.7000e+01,9.6221e-01,9.0000e-01,6.2209e-02,2.8840e-16,-6.1800e-18,1.0510e-04,0.0000e+00,0.0000e+00,1.0510e-04,0.0000e+00,0.0000e+00,3.6703e-01
5.7600e+02,6.8000e+01,9.6094e-01,9.0000e-01,6.0941e-02,2.4720e-16,-6.1800e-18,1.0624e-04,0.0000e+00,0.0000e+00,1.0624e-04,0.0000e+00,0.0000e+00,3.6928e-01
5.8800e+02,6.9000e+01,9.5966e-01,9.0000e-01,5.9659e-02,2.4720e-16,-6.1800e-18,1.0730e-04,0.0000e+00,0.0000e+00,1.0730e-04,0.0000e+00,0.0000e+00,3.7133e-01
6.0000e+02,7.0000e+01,9.5836e-01,9.0000e-01,5.8365e-02,2.8840e-16,-6.1800e-18,1.0828e-04,0.0000e+00,0.0000e+00,1.0828e-04,0.0000e+00,0.0000e+00,3.7316e-01
6.1200e+02,7.1000e+01,9.5706e-01,9.0000e-01,5.7059e-02,3.2960e-16,-6.1800e-18,1.0917e-04,0.0000e+00,0.0000e+00,1.0917e-04,0.0000e+00,0.0000e+00,3.7476e-01
6.2400e+02,7.2000e+01,9.5574e-01,9.0000e-01,5.5744e-02,4.1200e-16,-6.1800e-18,1.0998e-04,0.0000e+00,0.0000e+00,1.0998e-04,0.0000e+00,0.0000e+00,3.7612e-01
6.3600e+02,7.3000e+01,9.5442e-01,9.0000e-01,5.4420e-02,4.1200e-16,-6.1800e-18,1.1069e-04,0.0000e+00,0.0000e+00,1.1069e-04,0.0000e+00,0.0000e+00,3.7724e-01
6.4800e+02,7.4000e+01,9.5309e-01,9.0000e-01,5.3087e-02,4.5320e-16,-6.1800e-18,1.1130e-04,0.0000e+00,0.0000e+00,1.1130e-04,0.0000e+00,0.0000e+00,3.7810e-01
6.6000e+02,7.5000e+01,9.5175e-01,9.0000e-01,5.1748e-02,4.5320e-16,-6.1800e-18,1.1181e-04,0.0000e+00,0.0000e+00,1.1181e-04,0.0000e+00,0.0000e+00,3.7870e-01
6.7200e+02,7.6000e+01,9.5040e-01,9.0000e-01,5.0404e-02,4.1200e-16,-6.1800e-18,1.1222e-04,0.0000e+00,0.0000e+00,1.1222e-04,0.0000e+00,0.0000e+00,3.7903e-01
6.8400e+02,7.7000e+01,9.4906e-01,9.0000e-01,4.9055e-02,4.1200e-16,-6.1800e-18,1.1252e-04,0.0000e+00,0.0000e+00,1.1252e-04,0.0000e+00,0.0000e+00,3.7908e-01
6.9600e+02,7.8000e+01,9.4770e-01,9.0000e-01,4.7704e-02,4.5320e-16,-6.1800e-18,1.1271e-04,0.0000e+00,0.0000e+00,1.1271e-04,0.0000e+00,0.0000e+00,3.7885e-01
7.0800e+02,7.9000e+01,9.4635e-01,9.0000e-01,4.6350e-02,4.1200e-16,-6.1800e-18,1.1279e-04,0.0000e+00,0.0000e+00,1.1279e-04,0.0000e+00,0.0000e+00,3.7833e-01
7.2000e+02,8.0000e+01,9.4500e-01,9.0000e-01,4.4997e-02,4.5320e-16,-6.1800e-18,1.1275e-04,0.0000e+00,0.0000e+00,1.1275e-04,0.0000e+00,0.0000e+00,3.7752e-01
7.3200e+02,8.1000e+01,9.4364e-01,9.0000e-01,4.3645e-02,4.5320e-16,-6.1800e-18,1.1260e-04,0.0000e+00,0.0000e+00,1.1260e-04,0.0000e+00,0.0000e+00,3.7641e-01
7.4400e+02,8.2000e+01,9.4230e-01,9.0000e-01,4.2295e-02,4.9440e-16,-6.1800e-18,1.1233e-04,0.0000e+00,0.0000e+00,1.1233e-04,0.0000e+00,0.0000e+00,3.7500e-01
7.5600e+02,8.3000e+01,9.4095e-01,9.0000e-01,4.0950e-02,5.3560e-16,-6.1800e-18,1.1193e-04,0.0000e+00,0.0000e+00,1.1193e-04,0.0000e+00,0.0000e+00,3.7328e-01
7.6800e+02,8.4000e+01,9.3961e-01,9.0000e-01,3.9610e-02,5.3560e-16,-6.1800e-18,1.1142e-04,0.0000e+00,0.0000e+00,1.1142e-04,0.0000e+00,0.0000e+00,3.7127e-01
7.8000e+02,8.5000e+01,9.3828e-01,9.0000e-01,3.8277e-02,5.3560e-16,-6.1800e-18,1.1078e-04,0.0000e+00,0.0000e+00,1.1078e-04,0.0000e+00,0.0000e+00,3.6895e-01
7.9200e+02,8.6000e+01,9.3695e-01,9.0000e-01,3.6952e-02,5.7680e-16,-6.1800e-18,1.1002e-04,1.0300e-16,-4.1200e-17,1.1002e-04,0.0000e+00,9.2627e-13,3.6632e-01
8.0400e+02,8.7000e+01,9.3564e-01,9.0000e-01,3.5638e-02,5.7680e-16,-6.1800e-18,1.0914e-04,0.0000e+00,0.0000e+00,1.0914e-04,0.0000e+00,0.0000e+00,3.6340e-01
8.1600e+02,8.8000e+01,9.3433e-01,9.0000e-01,3.4334e-02,5.7680e-16,-6.1800e-18,1.0814e-04,0.0000e+00,0.0000e+00,1.0814e-04,0.0000e+00,0.0000e+00,3.6017e-01
8.2800e+02,8.9000e+01,9.3304e-01,9.0000e-01,3.3044e-02,5.7680e-16,-6.1800e-18,1.0702e-04,0.0000e+00,0.0000e+00,1.0702e-04,0.0000e+00,0.0000e+00,3.5666e-01
8.4000e+02,9.0000e+01,9.3177e-01,9.0000e-01,3.1768e-02,5.7680e-16,-6.1800e-18,1.0578e-04,0.0000e+00,0.0000e+00,1.0578e-04,0.0000e+00,0.0000e+00,3.5285e-01
8.5200e+02,9.1000e+01,9.3051e-01,9.0000e-01,3.0507e-02,9.4759e-16,-6.1800e-18,1.0442e-04,1.0300e-16,-4.1200e-17,1.0442e-04,0.0000e+00,9.2627e-13,3.4876e-01
8.6400e+02,9.2000e+01,9.2926e-01,9.0000e-01,2.9263e-02,1.4832e-15,-6.1800e-18,1.0295e-04,1.0300e-16,-4.1200e-17,1.0295e-04,0.0000e+00,9.2627e-13,3.4440e-01
8.7600e+02,9.3000e+01,9.2804e-01,9.0000e-01,2.8038e-02,1.9776e-15,-6.1800e-18,1.0137e-04,1.0300e-16,-4.1200e-17,1.0137e-04,0.0000e+00,9.2627e-13,3.3976e-01
8.8800e+02,9.4000e+01,9.2683e-01,9.0000e-01,2.6833e-02,2.4720e-15,-6.1800e-18,9.9679e-05,1.0300e-16,-4.1200e-17,9.9679e-05,0.0000e+00,9.2627e-13,3.3488e-01
9.0000e+02,9.5000e+01,9.2565e-01,9.0000e-01,2.5648e-02,3.0076e-15,-6.1800e-18,9.7885e-05,1.0300e-16,-4.1200e-17,9.7885e-05,0.0000e+00,9.2627e-13,3.2974e-01
9.1200e+02,9.6000e+01,9.2449e-01,9.0000e-01,2.4486e-02,3.9964e-15,-6.1800e-18,9.5992e-05,2.0600e-16,-8.2399e-17,9.5992e-05,0.0000e+00,1.8525e-12,3.2437e-01
9.2400e+02,9.7000e+01,9.2335e-01,9.0000e-01,2.3347e-02,4.9852e-15,-6.1800e-18,9.4004e-05,2.0600e-16,-8.2399e-17,9.4004e-05,0.0000e+00,1.8525e-12,3.1878e-01
9.3600e+02,9.8000e+01,9.2223e-01,9.0000e-01,2.2232e-02,6.3860e-15,-6.1800e-18,9.1926e-05,3.0900e-16,-1.2360e-16,9.1926e-05,0.0000e+00,2.7788e-12,3.1299e-01
9.4800e+02,9.9000e+01,9.2114e-01,9.0000e-01,2.1143e-02,8.0339e-15,-6.1800e-18,8.9764e-05,4.1200e-16,-1.6480e-16,8.9764e-05,0.0000e+00,3.7051e-12,3.0699e-01
9.6000e+02,1.0000e+02,9.2008e-01,9.0000e-01,2.0080e-02,1.0135e-14,-6.1800e-18,8.7523e-05,5.1500e-16,-2.0600e-16,8.7523e-05,0.0000e+00,4.6314e-12,3.0083e-01
9.7200e+02,1.0100e+02,9.1904e-01,9.0000e-01,1.9045e-02,1.2772e-14,-6.1800e-18,8.5210e-05,6.1800e-16,-2.4720e-16,8.5210e-05,0.0000e+00,5.5576e-12,2.9450e-01
9.8400e+02,1.0200e+02,9.1804e-01,9.0000e-01,1.8038e-02,1.6027e-14,-6.1800e-18,8.2831e-05,7.2099e-16,-2.8840e-16,8.2831e-05,0.0000e+00,6.4839e-12,2.8802e-01
9.9600e+02,1.0300e+02,9.1706e-01,9.0000e-01,1.7059e-02,2.0188e-14,-6.1800e-18,8.0393e-05,9.2699e-16,-3.7080e-16,8.0393e-05,0.0000e+00,8.3365e-12,2.8142e-01
1.0080e+03,1.0400e+02,9.1611e-01,9.0000e-01,1.6111e-02,2.5379e-14,-6.1800e-18,7.7903e-05,1.2360e-15,-4.9440e-16,7.7903e-05,0.0000e+00,1.1115e-11,2.7471e-01
1.0200e+03,1.0500e+02,9.1519e-01,9.0000e-01,1.5192e-02,3.1847e-14,-6.1800e-18,7.5368e-05,1.4420e-15,-5.7680e-16,7.5368e-05,0.0000e+00,1.2968e-11,2.6791e-01
1.0320e+03,1.0600e+02,9.1430e-01,9.0000e-01,1.4305e-02,3.9964e-14,-6.1800e-18,7.2796e-05,1.8540e-15,-7.4159e-16,7.2796e-05,0.0000e+00,1.6673e-11,2.6104e-01
1.0440e+03,1.0700e+02,9.1345e-01,9.0000e-01,1.3448e-02,5.0016e-14,-6.1800e-18,7.0193e-05,2.2660e-15,-9.0639e-16,7.0193e-05,0.0000e+00,2.0378e-11,2.5411e-01
1.0560e+03,1.0800e+02,9.1262e-01,9.0000e-01,1.2623e-02,6.2582e-14,-6.1800e-18,6.7569e-05,2.8840e-15,-1.1536e-15,6.7569e-05,0.0000e+00,2.5936e-11,2.4715e-01
1.0680e+03,1.0900e+02,9.1183e-01,9.0000e-01,1.1829e-02,7.8156e-14,-6.1800e-18,6.4929e-05,3.6050e-15,-1.4420e-15,6.4929e-05,0.0000e+00,3.2420e-11,2.4018e-01
1.0800e+03,1.1000e+02,9.1107e-01,9.0000e-01,1.1067e-02,9.7478e-14,-6.1800e-18,6.2282e-05,4.4290e-15,-1.7716e-15,6.2282e-05,0.0000e+00,3.9830e-11,2.3322e-01
1.0920e+03,1.1100e+02,9.1034e-01,9.0000e-01,1.0337e-02,1.2146e-13,-6.1800e-18,5.9636e-05,5.4590e-15,-2.1836e-15,5.9636e-05,0.0000e+00,4.9093e-11,2.2627e-01
1.1040e+03,1.1200e+02,9.0964e-01,9.0000e-01,9.6385e-03,1.5104e-13,-6.1800e-18,5.6998e-05,6.7979e-15,-2.7192e-15,5.6998e-05,0.0000e+00,6.1134e-11,2.1937e-01
1.1160e+03,1.1300e+02,9.0897e-01,9.0000e-01,8.9716e-03,1.8783e-13,-6.1800e-18,5.4375e-05,8.4459e-15,-3.3784e-15,5.4375e-05,0.0000e+00,7.5954e-11,2.1253e-01
1.1280e+03,1.1400e+02,9.0834e-01,9.0000e-01,8.3360e-03,2.3319e-13,-6.1800e-18,5.1774e-05,1.0403e-14,-4.1612e-15,5.1774e-05,0.0000e+00,9.3554e-11,2.0577e-01
1.1400e+03,1.1500e+02,9.0773e-01,9.0000e-01,7.7315e-03,2.8926e-13,-6.1800e-18,4.9203e-05,1.2875e-14,-5.1500e-15,4.9203e-05,0.0000e+00,1.1578e-10,1.9910e-01
1.1520e+03,1.1600e+02,9.0716e-01,9.0000e-01,7.1576e-03,3.5835e-13,-6.1800e-18,4.6667e-05,1.5862e-14,-6.3448e-15,4.6667e-05,0.0000e+00,1.4265e-10,1.9254e-01
1.1640e+03,1.1700e+02,9.0661e-01,9.0000e-01,6.6138e-03,4.4339e-13,-6.1800e-18,4.4174e-05,1.9467e-14,-7.7867e-15,4.4174e-05,0.0000e+00,1.7507e-10,1.8611e-01
1.1760e+03,1.1800e+02,9.0610e-01,9.0000e-01,6.0997e-03,5.4808e-13,-6.1800e-18,4.1728e-05,2.3896e-14,-9.5583e-15,4.1728e-05,0.0000e+00,2.1490e-10,1.7982e-01
1.1880e+03,1.1900e+02,9.0561e-01,9.0000e-01,5.6146e-03,6.7683e-13,-6.1800e-18,3.9337e-05,2.9458e-14,-1.1783e-14,3.9337e-05,0.0000e+00,2.6491e-10,1.7368e-01
1.2000e+03,1.2000e+02,9.0516e-01,9.0000e-01,5.1577e-03,8.3508e-13,-6.1800e-18,3.7005e-05,3.6153e-14,-1.4461e-14,3.7005e-05,0.0000e+00,3.2512e-10,1.6770e-01
1.2120e+03,1.2100e+02,9.0473e-01,9.0000e-01,4.7285e-03,1.0292e-12,-6.1800e-18,3.4736e-05,4.4290e-14,-1.7716e-14,3.4736e-05,0.0000e+00,3.9830e-10,1.6190e-01
1.2240e+03,1.2200e+02,9.0433e-01,9.0000e-01,4.3260e-03,1.2671e-12,-6.1800e-18,3.2536e-05,5.4281e-14,-2.1712e-14,3.2536e-05,0.0000e+00,4.8815e-10,1.5629e-01
1.2360e+03,1.2300e+02,9.0395e-01,9.0000e-01,3.9495e-03,1.5583e-12,-6.1800e-18,3.0407e-05,6.6434e-14,-2.6574e-14,3.0407e-05,0.0000e+00,5.9745e-10,1.5087e-01
1.2480e+03,1.2400e+02,9.0360e-01,9.0000e-01,3.5980e-03,1.9146e-12,-6.1800e-18,2.8354e-05,8.1163e-14,-3.2465e-14,2.8354e-05,0.0000e+00,7.2990e-10,1.4566e-01
1.2600e+03,1.2500e+02,9.0327e-01,9.0000e-01,3.2707e-03,2.3499e-12,-6.1800e-18,2.6379e-05,9.9188e-14,-3.9675e-14,2.6379e-05,0.0000e+00,8.9200e-10,1.4065e-01
1.2720e+03,1.2600e+02,9.0297e-01,9.0000e-01,2.9666e-03,2.8811e-12,-6.1800e-18,2.4484e-05,1.2102e-13,-4.8410e-14,2.4484e-05,0.0000e+00,1.0884e-09,1.3586e-01
1.2840e+03,1.2700e+02,9.0268e-01,9.0000e-01,2.6846e-03,3.5290e-12,-6.1800e-18,2.2671e-05,1.4749e-13,-5.8998e-14,2.2671e-05,0.0000e+00,1.3264e-09,1.3128e-01
1.2960e+03,1.2800e+02,9.0242e-01,9.0000e-01,2.4239e-03,4.3181e-12,-6.1800e-18,2.0942e-05,1.7953e-13,-7.1811e-14,2.0942e-05,0.0000e+00,1.6145e-09,1.2692e-01
1.3080e+03,1.2900e+02,9.0218e-01,9.0000e-01,2.1833e-03,5.2782e-12,-6.1800e-18,1.9298e-05,2.1856e-13,-8.7426e-14,1.9298e-05,0.0000e+00,1.9656e-09,1.2279e-01
1.3200e+03,1.3000e+02,9.0196e-01,9.0000e-01,1.9620e-03,6.4457e-12,-6.1800e-18,1.7738e-05,2.6553e-13,-1.0621e-13,1.7738e-05,0.0000e+00,2.3879e-09,1.1887e-01
1.3320e+03,1.3100e+02,9.0176e-01,9.0000e-01,1.7588e-03,7.8635e-12,-6.1800e-18,1.6263e-05,3.2228e-13,-1.2891e-13,1.6263e-05,0.0000e+00,2.8983e-09,1.1517e-01
1.3440e+03,1.3200e+02,9.0157e-01,9.0000e-01,1.5728e-03,9.5842e-12,-6.1800e-18,1.4872e-05,3.9098e-13,-1.5639e-13,1.4872e-05,0.0000e+00,3.5161e-09,1.1169e-01
1.3560e+03,1.3300e+02,9.0140e-01,9.0000e-01,1.4029e-03,1.1670e-11,-6.1800e-18,1.3565e-05,4.7380e-13,-1.8952e-13,1.3565e-05,0.0000e+00,4.2609e-09,1.0843e-01
1.3680e+03,1.3400e+02,9.0125e-01,9.0000e-01,1.2481e-03,1.4196e-11,-6.1800e-18,1.2340e-05,5.7350e-13,-2.2940e-13,1.2340e-05,0.0000e+00,5.1575e-09,1.0537e-01
1.3800e+03,1.3500e+02,9.0111e-01,9.0000e-01,1.1076e-03,1.7253e-11,-6.1800e-18,1.1195e-05,6.9370e-13,-2.7748e-13,1.1195e-05,0.0000e+00,6.2385e-09,1.0252e-01
1.3920e+03,1.3600e+02,9.0098e-01,9.0000e-01,9.8027e-04,2.0948e-11,-6.1800e-18,1.0128e-05,8.3831e-13,-3.3532e-13,1.0128e-05,0.0000e+00,7.5389e-09,9.9868e-02
1.4040e+03,1.3700e+02,9.0087e-01,9.0000e-01,8.6524e-04,2.5411e-11,-6.1800e-18,9.1376e-06,1.0121e-12,-4.0483e-13,9.1376e-06,0.0000e+00,9.1016e-09,9.7409e-02
1.4160e+03,1.3800e+02,9.0076e-01,9.0000e-01,7.6162e-04,3.0796e-11,-6.1800e-18,8.2204e-06,1.2206e-12,-4.8826e-13,8.2204e-06,0.0000e+00,1.0977e-08,9.5136e-02
1.4280e+03,1.3900e+02,9.0067e-01,9.0000e-01,6.6855e-04,3.7288e-11,-6.1800e-18,7.3740e-06,1.4710e-12,-5.8841e-13,7.3740e-06,0.0000e+00,1.3229e-08,9.3041e-02
1.4400e+03,1.4000e+02,9.0059e-01,9.0000e-01,5.8519e-04,4.5107e-11,-6.1800e-18,6.5954e-06,1.7710e-12,-7.0839e-13,6.5954e-06,0.0000e+00,1.5926e-08,9.1118e-02
1.4520e+03,1.4100e+02,9.0051e-01,9.0000e-01,5.1075e-04,5.4517e-11,-6.1800e-18,5.8814e-06,2.1303e-12,-8.5213e-13,5.8814e-06,0.0000e+00,1.9158e-08,8.9356e-02
1.4640e+03,1.4200e+02,9.0044e-01,9.0000e-01,4.4447e-04,6.5829e-11,-6.1800e-18,5.2289e-06,2.5603e-12,-1.0241e-12,5.2289e-06,0.0000e+00,2.3024e-08,8.7748e-02
1.4760e+03,1.4300e+02,9.0039e-01,9.0000e-01,3.8564e-04,7.9418e-11,-6.1800e-18,4.6344e-06,3.0741e-12,-1.2296e-12,4.6344e-06,0.0000e+00,2.7646e-08,8.6286e-02
1.4880e+03,1.4400e+02,9.0033e-01,9.0000e-01,3.3359e-04,9.5727e-11,-6.1800e-18,4.0948e-06,3.6881e-12,-1.4752e-12,4.0948e-06,0.0000e+00,3.3167e-08,8.4961e-02
1.5000e+03,1.4500e+02,9.0029e-01,9.0000e-01,2.8768e-04,1.1528e-10,-6.1800e-18,3.6065e-06,4.4207e-12,-1.7683e-12,3.6065e-06,0.0000e+00,3.9756e-08,8.3763e-02
1.5120e+03,1.4600e+02,9.0025e-01,9.0000e-01,2.4731e-04,1.3871e-10,-6.1800e-18,3.1662e-06,5.2944e-12,-2.1177e-12,3.1662e-06,0.0000e+00,4.7612e-08,8.2684e-02
1.5240e+03,1.4700e+02,9.0021e-01,9.0000e-01,2.1193e-04,1.6676e-10,-6.1800e-18,2.7706e-06,6.3353e-12,-2.5341e-12,2.7705e-06,0.0000e+00,5.6973e-08,8.1716e-02
1.5360e+03,1.4800e+02,9.0018e-01,9.0000e-01,1.8102e-04,2.0031e-10,-6.1800e-18,2.4163e-06,7.5743e-12,-3.0297e-12,2.4163e-06,0.0000e+00,6.8115e-08,8.0851e-02
1.5480e+03,1.4900e+02,9.0015e-01,9.0000e-01,1.5412e-04,2.4039e-10,-6.1800e-18,2.1002e-06,9.0479e-12,-3.6191e-12,2.1002e-06,0.0000e+00,8.1368e-08,8.0080e-02
1.5600e+03,1.5000e+02,9.0013e-01,9.0000e-01,1.3077e-04,2.8826e-10,-6.1800e-18,1.8193e-06,1.0799e-11,-4.3196e-12,1.8193e-06,0.0000e+00,9.7116e-08,7.9395e-02
1.5720e+03,1.5100e+02,9.0011e-01,9.0000e-01,1.1059e-04,3.4536e-10,-6.1800e-18,1.5704e-06,1.2879e-11,-5.1514e-12,1.5704e-06,0.0000e+00,1.1582e-07,7.8790e-02
1.5840e+03,1.5200e+02,9.0009e-01,9.0000e-01,9.3200e-05,4.1342e-10,-6.1800e-18,1.3508e-06,1.5346e-11,-6.1383e-12,1.3508e-06,0.0000e+00,1.3801e-07,7.8256e-02
1.5960e+03,1.5300e+02,9.0008e-01,9.0000e-01,7.8270e-05,4.9449e-10,-6.1800e-18,1.1578e-06,1.8271e-11,-7.3082e-12,1.1578e-06,0.0000e+00,1.6431e-07,7.7788e-02
1.6080e+03,1.5400e+02,9.0007e-01,9.0000e-01,6.5499e-05,5.9096e-10,-6.1800e-18,9.8869e-07,2.1735e-11,-8.6940e-12,9.8868e-07,0.0000e+00,1.9546e-07,7.7378e-02
1.6200e+03,1.5500e+02,9.0005e-01,9.0000e-01,5.4614e-05,7.0568e-10,-6.1800e-18,8.4119e-07,2.5836e-11,-1.0334e-11,8.4118e-07,0.0000e+00,2.3234e-07,7.7021e-02
1.6320e+03,1.5600e+02,9.0005e-01,9.0000e-01,4.5371e-05,8.4198e-10,-6.1800e-18,7.1302e-07,3.0685e-11,-1.2274e-11,7.1300e-07,0.0000e+00,2.7595e-07,7.6711e-02
1.6440e+03,1.5700e+02,9.0004e-01,9.0000e-01,3.7552e-05,1.0038e-09,-6.1800e-18,6.0207e-07,3.6415e-11,-1.4566e-11,6.0205e-07,0.0000e+00,3.2748e-07,7.6443e-02
1.6560e+03,1.5800e+02,9.0003e-01,9.0000e-01,3.0963e-05,1.1957e-09,-6.1800e-18,5.0643e-07,4.3181e-11,-1.7273e-11,5.0641e-07,0.0000e+00,3.8833e-07,7.6213e-02
1.6680e+03,1.5900e+02,9.0003e-01,9.0000e-01,2.5433e-05,1.4232e-09,-6.1800e-18,4.2432e-07,5.1165e-11,-2.0466e-11,4.2429e-07,0.0000e+00,4.6012e-07,7.6015e-02
1.6800e+03,1.6000e+02,9.0002e-01,9.0000e-01,2.0809e-05,1.6927e-09,-6.1800e-18,3.5411e-07,6.0576e-11,-2.4230e-11,3.5407e-07,0.0000e+00,5.4476e-07,7.5846e-02
1.6920e+03,1.6100e+02,9.0002e-01,9.0000e-01,1.6958e-05,2.0115e-09,-6.1800e-18,2.9432e-07,7.1663e-11,-2.8665e-11,2.9428e-07,0.0000e+00,6.4447e-07,7.5703e-02
1.7040e+03,1.6200e+02,9.0001e-01,9.0000e-01,1.3765e-05,2.3886e-09,-6.1800e-18,2.4364e-07,8.4713e-11,-3.3885e-11,2.4359e-07,0.0000e+00,7.6183e-07,7.5581e-02
1.7160e+03,1.6300e+02,9.0001e-01,9.0000e-01,1.1127e-05,2.8342e-09,-6.1800e-18,2.0085e-07,1.0006e-10,-4.0025e-11,2.0079e-07,0.0000e+00,8.9987e-07,7.5478e-02
1.7280e+03,1.6400e+02,9.0001e-01,9.0000e-01,8.9581e-06,3.3602e-09,-6.1800e-18,1.6488e-07,1.1811e-10,-4.7242e-11,1.6481e-07,0.0000e+00,1.0621e-06,7.5392e-02
1.7400e+03,1.6500e+02,9.0001e-01,9.0000e-01,7.1814e-06,3.9809e-09,-6.1800e-18,1.3479e-07,1.3929e-10,-5.5718e-11,1.3470e-07,0.0000e+00,1.2527e-06,7.5320e-02
1.7520e+03,1.6600e+02,9.0001e-01,9.0000e-01,5.7326e-06,4.7126e-09,-6.1800e-18,1.0972e-07,1.6416e-10,-6.5665e-11,1.0962e-07,0.0000e+00,1.4763e-06,7.5260e-02
1.7640e+03,1.6700e+02,9.0000e-01,9.0000e-01,4.5564e-06,5.5745e-09,-6.1800e-18,8.8928e-08,1.9332e-10,-7.7330e-11,8.8813e-08,0.0000e+00,1.7386e-06,7.5211e-02
1.7760e+03,1.6800e+02,9.0000e-01,9.0000e-01,3.6056e-06,6.5892e-09,-6.1800e-18,7.1771e-08,2.2750e-10,-9.1000e-11,7.1634e-08,0.0000e+00,2.0459e-06,7.5170e-02
1.7880e+03,1.6900e+02,9.0000e-01,9.0000e-01,2.8405e-06,7.7827e-09,-6.1800e-18,5.7678e-08,2.6752e-10,-1.0701e-10,5.7517e-08,0.0000e+00,2.4058e-06,7.5136e-02
1.8000e+03,1.7000e+02,9.0000e-01,9.0000e-01,2.2277e-06,9.1856e-09,-6.1800e-18,4.6159e-08,3.1435e-10,-1.2574e-10,4.5970e-08,0.0000e+00,2.8269e-06,7.5109e-02
1.8120e+03,1.7100e+02,9.0000e-01,9.0000e-01,1.7391e-06,1.0833e-08,-6.1800e-18,3.6792e-08,3.6910e-10,-1.4764e-10,3.6571e-08,0.0000e+00,3.3193e-06,7.5087e-02
1.8240e+03,1.7200e+02,9.0000e-01,9.0000e-01,1.3514e-06,1.2768e-08,-6.1800e-18,2.9215e-08,4.3308e-10,-1.7323e-10,2.8956e-08,0.0000e+00,3.8947e-06,7.5069e-02
1.8360e+03,1.7300e+02,9.0000e-01,9.0000e-01,1.0451e-06,1.5036e-08,-6.1800e-18,2.3121e-08,5.0779e-10,-2.0312e-10,2.2817e-08,0.0000e+00,4.5666e-06,7.5054e-02
1.8480e+03,1.7400e+02,9.0000e-01,9.0000e-01,8.0442e-07,1.7695e-08,-6.1800e-18,1.8249e-08,5.9496e-10,-2.3799e-10,1.7892e-08,0.0000e+00,5.3505e-06,7.5043e-02
1.8600e+03,1.7500e+02,9.0000e-01,9.0000e-01,6.1616e-07,2.0809e-08,-6.1800e-18,1.4379e-08,6.9661e-10,-2.7864e-10,1.3961e-08,0.0000e+00,6.2646e-06,7.5033e-02
1.8720e+03,1.7600e+02,9.0000e-01,9.0000e-01,4.6964e-07,2.4453e-08,-6.1800e-18,1.1329e-08,8.1505e-10,-3.2602e-10,1.0840e-08,0.0000e+00,7.3297e-06,7.5026e-02
1.8840e+03,1.7700e+02,9.0000e-01,9.0000e-01,3.5618e-07,2.8716e-08,-6.1800e-18,8.9452e-09,9.5296e-10,-3.8118e-10,8.3734e-09,0.0000e+00,8.5700e-06,7.5021e-02
1.8960e+03,1.7800e+02,9.0000e-01,9.0000e-01,2.6876e-07,3.3697e-08,-6.1800e-18,7.1033e-09,1.1134e-09,-4.4537e-10,6.4352e-09,0.0000e+00,1.0013e-05,7.5016e-02
1.9080e+03,1.7900e+02,9.0000e-01,9.0000e-01,2.0176e-07,3.9516e-08,-6.1800e-18,5.7000e-09,1.3000e-09,-5.2001e-10,4.9199e-09,0.0000e+00,1.1691e-05,7.5013e-02
1.9200e+03,1.8000e+02,9.0000e-01,9.0000e-01,1.5068e-07,4.6307e-08,-6.1800e-18,4.6518e-09,1.5169e-09,-6.0674e-10,3.7417e-09,0.0000e+00,1.3641e-05,7.5010e-02
1.9320e+03,1.8100e+02,9.0000e-01,9.0000e-01,1.1194e-07,5.4228e-08,-6.1800e-18,3.8916e-09,1.7687e-09,-7.0746e-10,2.8304e-09,0.0000e+00,1.5906e-05,7.5008e-02
1.9440e+03,1.8200e+02,9.0000e-01,9.0000e-01,8.2712e-08,6.3460e-08,-6.1800e-18,3.3660e-09,2.0609e-09,-8.2434e-10,2.1295e-09,0.0000e+00,1.8533e-05,7.5007e-02
1.9560e+03,1.8300e+02,9.0000e-01,9.0000e-01,6.0787e-08,7.4213e-08,-6.1800e-18,3.0332e-09,2.3997e-09,-9.5989e-10,1.5934e-09,0.0000e+00,2.1581e-05,7.5006e-02
1.9680e+03,1.8400e+02,9.0000e-01,9.0000e-01,4.4428e-08,8.6730e-08,-6.1800e-18,2.8611e-09,2.7925e-09,-1.1170e-09,1.1856e-09,0.0000e+00,2.5113e-05,7.5005e-02
1.9800e+03,1.8500e+02,9.0000e-01,9.0000e-01,3.2292e-08,1.0129e-07,-6.1800e-18,2.8256e-09,3.2473e-09,-1.2989e-09,8.7723e-10,0.0000e+00,2.9203e-05,7.5005e-02
1.9920e+03,1.8600e+02,9.0000e-01,9.0000e-01,2.3338e-08,1.1821e-07,-6.1800e-18,2.9096e-09,3.7738e-09,-1.5095e-09,6.4536e-10,0.0000e+00,3.3937e-05,7.5005e-02
2.0040e+03,1.8700e+02,9.0000e-01,9.0000e-01,1.6771e-08,1.3788e-07,-6.1800e-18,3.1017e-09,4.3827e-09,-1.7531e-09,4.7204e-10,0.0000e+00,3.9414e-05,7.5005e-02
2.0160e+03,1.8800e+02,9.0000e-01,9.0000e-01,1.1982e-08,1.6070e-07,-6.1800e-18,3.3952e-09,5.0866e-09,-2.0346e-09,3.4324e-10,0.0000e+00,4.5744e-05,7.5006e-02
2.0280e+03,1.8900e+02,9.0000e-01,9.0000e-01,8.5106e-09,1.8719e-07,-6.1800e-18,3.7880e-09,5.8997e-09,-2.3599e-09,2.4811e-10,0.0000e+00,5.3057e-05,7.5006e-02
2.0400e+03,1.9000e+02,9.0000e-01,9.0000e-01,6.0089e-09,2.1789e-07,-6.1800e-18,4.2814e-09,6.8385e-09,-2.7354e-09,1.7827e-10,0.0000e+00,6.1499e-05,7.5007e-02
2.0520e+03,1.9100e+02,9.0000e-01,9.0000e-01,4.2170e-09,2.5347e-07,-6.1800e-18,4.8803e-09,7.9216e-09,-3.1686e-09,1.2730e-10,0.0000e+00,7.1239e-05,7.5008e-02
2.0640e+03,1.9200e+02,9.0000e-01,9.0000e-01,2.9415e-09,2.9467e-07,-6.1800e-18,5.5926e-09,9.1704e-09,-3.6682e-09,9.0352e-11,0.0000e+00,8.2470e-05,7.5009e-02
2.0760e+03,1.9300e+02,9.0000e-01,9.0000e-01,2.0390e-09,3.4235e-07,-6.1800e-18,6.4294e-09,1.0609e-08,-4.2438e-09,6.3725e-11,0.0000e+00,9.5411e-05,7.5010e-02
2.0880e+03,1.9400e+02,9.0000e-01,9.0000e-01,1.4046e-09,3.9749e-07,-6.1800e-18,7.4047e-09,1.2267e-08,-4.9067e-09,4.4661e-11,0.0000e+00,1.1031e-04,7.5012e-02
2.1000e+03,1.9500e+02,9.0000e-01,9.0000e-01,9.6149e-10,4.6123e-07,-6.1800e-18,8.5354e-09,1.4174e-08,-5.6696e-09,3.1099e-11,0.0000e+00,1.2747e-04,7.5013e-02
2.1120e+03,1.9600e+02,9.0000e-01,9.0000e-01,6.5392e-10,5.3484e-07,-6.1800e-18,9.8421e-09,1.6368e-08,-6.5470e-09,2.1516e-11,0.0000e+00,1.4719e-04,7.5015e-02
2.1240e+03,1.9700e+02,9.0000e-01,9.0000e-01,4.4185e-10,6.1982e-07,-6.1800e-18,1.1348e-08,1.8889e-08,-7.5557e-09,1.4788e-11,0.0000e+00,1.6987e-04,7.5018e-02
2.1360e+03,1.9800e+02,9.0000e-01,9.0000e-01,2.9659e-10,7.1787e-07,-6.1800e-18,1.3082e-08,2.1786e-08,-8.7145e-09,1.0096e-11,0.0000e+00,1.9592e-04,7.5020e-02
2.1480e+03,1.9900e+02,9.0000e-01,9.0000e-01,1.9775e-10,8.3090e-07,-6.1800e-18,1.5074e-08,2.5112e-08,-1.0045e-08,6.8462e-12,0.0000e+00,2.2583e-04,7.5024e-02
2.1600e+03,2.0000e+02,9.0000e-01,9.0000e-01,1.3096e-10,9.6116e-07,-6.1800e-18,1.7362e-08,2.8929e-08,-1.1571e-08,4.6110e-12,0.0000e+00,2.6016e-04,7.5027e-02
2.1720e+03,2.0100e+02,9.0000e-01,9.0000e-01,8.6139e-11,1.1112e-06,-6.1800e-18,1.9986e-08,3.3305e-08,-1.3322e-08,3.0841e-12,0.0000e+00,2.9951e-04,7.5031e-02
2.1840e+03,2.0200e+02,9.0000e-01,9.0000e-01,5.6263e-11,1.2838e-06,-6.1800e-18,2.2995e-08,3.8321e-08,-1.5328e-08,2.0484e-12,0.0000e+00,3.4462e-04,7.5036e-02
2.1960e+03,2.0300e+02,9.0000e-01,9.0000e-01,3.6492e-11,1.4824e-06,-6.1800e-18,2.6441e-08,4.4066e-08,-1.7626e-08,1.3509e-12,0.0000e+00,3.9629e-04,7.5041e-02
2.2080e+03,2.0400e+02,9.0000e-01,9.0000e-01,2.3500e-11,1.7106e-06,-6.1800e-18,3.0387e-08,5.0643e-08,-2.0257e-08,8.8452e-13,0.0000e+00,4.5543e-04,7.5048e-02
2.2200e+03,2.0500e+02,9.0000e-01,9.0000e-01,1.5025e-11,1.9729e-06,-6.1800e-18,3.4901e-08,5.8168e-08,-2.3267e-08,5.7495e-13,0.0000e+00,5.2310e-04,7.5055e-02
2.2320e+03,2.0600e+02,9.0000e-01,8.9999e-01,9.5366e-12,2.2740e-06,-6.1800e-18,4.0063e-08,6.6772e-08,-2.6709e-08,3.7099e-13,0.0000e+00,6.0048e-04,7.5063e-02
2.2440e+03,2.0700e+02,9.0000e-01,8.9999e-01,6.0083e-12,2.6195e-06,-6.1800e-18,4.5963e-08,7.6605e-08,-3.0642e-08,2.3760e-13,0.0000e+00,6.8891e-04,7.5072e-02
2.2560e+03,2.0800e+02,9.0000e-01,8.9999e-01,3.7572e-12,3.0159e-06,-6.1800e-18,5.2701e-08,8.7835e-08,-3.5134e-08,1.5103e-13,0.0000e+00,7.8990e-04,7.5083e-02
2.2680e+03,2.0900e+02,8.9999e-01,8.9999e-01,2.3318e-12,3.4701e-06,-6.1800e-18,6.0393e-08,1.0065e-07,-4.0262e-08,9.5272e-14,0.0000e+00,9.0519e-04,7.5095e-02
2.2800e+03,2.1000e+02,8.9999e-01,8.9999e-01,1.4361e-12,3.9905e-06,-6.1800e-18,6.9168e-08,1.1528e-07,-4.6112e-08,5.9636e-14,0.0000e+00,1.0367e-03,7.5109e-02
2.2920e+03,2.1100e+02,8.9999e-01,8.9999e-01,8.7758e-13,4.5864e-06,-6.1800e-18,7.9175e-08,1.3196e-07,-5.2783e-08,3.7039e-14,0.0000e+00,1.1867e-03,7.5125e-02
2.3040e+03,2.1200e+02,8.9999e-01,8.9999e-01,5.3210e-13,5.2682e-06,-6.1800e-18,9.0578e-08,1.5096e-07,-6.0385e-08,2.2823e-14,0.0000e+00,1.3576e-03,7.5143e-02
2.3160e+03,2.1300e+02,8.9999e-01,8.9998e-01,3.2007e-13,6.0480e-06,-6.1800e-18,1.0357e-07,1.7261e-07,-6.9044e-08,1.3951e-14,0.0000e+00,1.5523e-03,7.5163e-02
2.3280e+03,2.1400e+02,8.9999e-01,8.9998e-01,1.9098e-13,6.9393e-06,-6.1800e-18,1.1835e-07,1.9725e-07,-7.8901e-08,8.4589e-15,0.0000e+00,1.7739e-03,7.5187e-02
2.3400e+03,2.1500e+02,8.9999e-01,8.9998e-01,1.1303e-13,7.9576e-06,-6.1800e-18,1.3517e-07,2.2529e-07,-9.0116e-08,5.0870e-15,0.0000e+00,2.0260e-03,7.5213e-02
2.3520e+03,2.1600e+02,8.9999e-01,8.9998e-01,6.6351e-14,9.1203e-06,-6.1800e-18,1.5430e-07,2.5717e-07,-1.0287e-07,3.0340e-15,0.0000e+00,2.3128e-03,7.5243e-02
2.3640e+03,2.1700e+02,8.9998e-01,8.9997e-01,3.8625e-14,1.0447e-05,-6.1800e-18,1.7604e-07,2.9341e-07,-1.1736e-07,1.7944e-15,0.0000e+00,2.6386e-03,7.5278e-02
2.3760e+03,2.1800e+02,8.9998e-01,8.9997e-01,2.2295e-14,1.1960e-05,-6.1800e-18,2.0074e-07,3.3457e-07,-1.3383e-07,1.0523e-15,0.0000e+00,3.0088e-03,7.5317e-02
2.3880e+03,2.1900e+02,8.9998e-01,8.9997e-01,1.2760e-14,1.3685e-05,-6.1800e-18,2.2878e-07,3.8130e-07,-1.5252e-07,6.1181e-16,0.0000e+00,3.4291e-03,7.5362e-02
2.4000e+03,2.2000e+02,8.9998e-01,8.9996e-01,7.2402e-15,1.5651e-05,-6.1800e-18,2.6060e-07,4.3433e-07,-1.7373e-07,3.5264e-16,0.0000e+00,3.9059e-03,7.5412e-02
2.4120e+03,2.2100e+02,8.9997e-01,8.9996e-01,4.0724e-15,1.7889e-05,-6.1800e-18,2.9668e-07,4.9447e-07,-1.9779e-07,2.0147e-16,0.0000e+00,4.4468e-03,7.5469e-02
2.4240e+03,2.2200e+02,8.9997e-01,8.9995e-01,2.2704e-15,2.0436e-05,-6.1800e-18,3.3759e-07,5.6265e-07,-2.2506e-07,1.1409e-16,0.0000e+00,5.0599e-03,7.5534e-02
2.4360e+03,2.2300e+02,8.9996e-01,8.9994e-01,1.2545e-15,2.3334e-05,-6.1800e-18,3.8393e-07,6.3989e-07,-2.5596e-07,6.4028e-17,0.0000e+00,5.7546e-03,7.5608e-02
2.4480e+03,2.2400e+02,8.9996e-01,8.9993e-01,6.8694e-16,2.6629e-05,-6.1800e-18,4.3642e-07,7.2736e-07,-2.9094e-07,3.5607e-17,0.0000e+00,6.5412e-03,7.5691e-02
2.4600e+03,2.2500e+02,8.9995e-01,8.9992e-01,3.7272e-16,3.0373e-05,-6.1800e-18,4.9581e-07,8.2636e-07,-3.3054e-07,1.9621e-17,0.0000e+00,7.4314e-03,7.5786e-02
2.4720e+03,2.2600e+02,8.9995e-01,8.9991e-01,2.0037e-16,3.4625e-05,-6.1800e-18,5.6301e-07,9.3835e-07,-3.7534e-07,1.0711e-17,0.0000e+00,8.4386e-03,7.5893e-02
2.4840e+03,2.2700e+02,8.9994e-01,8.9990e-01,1.0671e-16,3.9452e-05,-6.1800e-18,6.3898e-07,1.0650e-06,-4.2599e-07,5.7928e-18,0.0000e+00,9.5773e-03,7.6014e-02
2.4960e+03,2.2800e+02,8.9993e-01,8.9989e-01,5.6296e-17,4.4929e-05,-6.1800e-18,7.2484e-07,1.2081e-06,-4.8323e-07,3.1031e-18,0.0000e+00,1.0864e-02,7.6151e-02
2.5080e+03,2.2900e+02,8.9992e-01,8.9987e-01,2.9416e-17,5.1140e-05,-6.1800e-18,8.2183e-07,1.3697e-06,-5.4788e-07,1.6464e-18,0.0000e+00,1.2318e-02,7.6305e-02
2.5200e+03,2.3000e+02,8.9991e-01,8.9985e-01,1.5223e-17,5.8180e-05,-6.1800e-18,9.3132e-07,1.5522e-06,-6.2088e-07,8.6504e-19,0.0000e+00,1.3959e-02,7.6480e-02
2.5320e+03,2.3100e+02,8.9990e-01,8.9983e-01,7.8008e-18,6.6156e-05,-6.1800e-18,1.0549e-06,1.7581e-06,-7.0325e-07,4.5005e-19,0.0000e+00,1.5811e-02,7.6677e-02
2.5440e+03,2.3200e+02,8.9989e-01,8.9981e-01,3.9581e-18,7.5188e-05,-6.1800e-18,1.1942e-06,1.9904e-06,-7.9614e-07,2.3183e-19,0.0000e+00,1.7899e-02,7.6900e-02
2.5560e+03,2.3300e+02,8.9987e-01,8.9979e-01,1.9883e-18,8.5410e-05,-6.1800e-18,1.3513e-06,2.2522e-06,-9.0087e-07,1.1822e-19,0.0000e+00,2.0254e-02,7.7150e-02
2.5680e+03,2.3400e+02,8.9985e-01,8.9976e-01,9.8873e-19,9.6974e-05,-6.1737e-18,1.5283e-06,2.5472e-06,-1.0189e-06,5.9678e-20,-1.5980e-21,2.2907e-02,7.7433e-02
2.5800e+03,2.3500e+02,8.9983e-01,8.9972e-01,4.8666e-19,1.1005e-04,-6.1531e-18,1.7277e-06,2.8794e-06,-1.1518e-06,2.9817e-20,-1.8135e-21,2.5895e-02,7.7752e-02
2.5920e+03,2.3600e+02,8.9981e-01,8.9969e-01,2.3707e-19,1.2482e-04,-6.1274e-18,1.9521e-06,3.2534e-06,-1.3014e-06,1.4743e-20,-4.1141e-21,2.9258e-02,7.8111e-02
2.6040e+03,2.3700e+02,8.9979e-01,8.9965e-01,1.1429e-19,1.4152e-04,-6.0745e-18,2.2045e-06,3.6742e-06,-1.4697e-06,7.2138e-21,-4.6645e-21,3.3042e-02,7.8515e-02
2.6160e+03,2.3800e+02,8.9976e-01,8.9960e-01,5.4513e-20,1.6036e-04,-6.0300e-18,2.4885e-06,4.1474e-06,-1.6590e-06,3.4923e-21,-2.6429e-21,3.7298e-02,7.8970e-02
2.6280e+03,2.3900e+02,8.9973e-01,8.9955e-01,2.5726e-20,1.8163e-04,-5.9725e-18,2.8076e-06,4.6793e-06,-1.8717e-06,1.6726e-21,-8.9805e-21,4.2081e-02,7.9481e-02
2.6400e+03,2.4000e+02,8.9969e-01,8.9949e-01,1.2010e-20,2.0561e-04,-5.8956e-18,3.1662e-06,5.2769e-06,-2.1108e-06,7.9243e-22,-6.7780e-21,4.7456e-02,8.0056e-02
2.6520e+03,2.4100e+02,8.9965e-01,8.9942e-01,5.5456e-21,2.3266e-04,-5.7571e-18,3.5688e-06,5.9480e-06,-2.3792e-06,3.7133e-22,-1.5340e-20,5.3491e-02,8.0702e-02
2.6640e+03,2.4200e+02,8.9961e-01,8.9934e-01,2.5326e-21,2.6313e-04,-5.5688e-18,4.0208e-06,6.7013e-06,-2.6805e-06,1.7208e-22,-1.3012e-20,6.0265e-02,8.1427e-02
2.6760e+03,2.4300e+02,8.9955e-01,8.9926e-01,1.1438e-21,2.9746e-04,-5.2905e-18,4.5278e-06,7.5464e-06,-3.0185e-06,7.8858e-23,-2.4517e-20,6.7865e-02,8.2241e-02
2.6880e+03,2.4400e+02,8.9950e-01,8.9916e-01,5.1073e-22,3.3610e-04,-4.8966e-18,5.0964e-06,8.4940e-06,-3.3976e-06,3.5730e-23,-3.8784e-20,7.6387e-02,8.3155e-02
2.7000e+03,2.4500e+02,8.9943e-01,8.9905e-01,2.2547e-22,3.7958e-04,-4.3626e-18,5.7337e-06,9.5562e-06,-3.8225e-06,1.6004e-23,-5.0061e-20,8.5939e-02,8.4179e-02
2.7120e+03,2.4600e+02,8.9936e-01,8.9893e-01,9.8399e-23,4.2849e-04,-3.6044e-18,6.4477e-06,1.0746e-05,-4.2984e-06,7.0863e-24,-7.7707e-20,9.6640e-02,8.5327e-02
2.7240e+03,2.4700e+02,8.9927e-01,8.9879e-01,4.2444e-23,4.8348e-04,-2.5448e-18,7.2471e-06,1.2079e-05,-4.8314e-06,3.1011e-24,-1.0362e-19,1.0862e-01,8.6613e-02
2.7360e+03,2.4800e+02,8.9918e-01,8.9864e-01,1.8094e-23,5.4527e-04,-1.0519e-18,8.1419e-06,1.3570e-05,-5.4279e-06,1.3412e-24,-1.5283e-19,1.2203e-01,8.8054e-02
2.7480e+03,2.4900e+02,8.9908e-01,8.9846e-01,7.6220e-24,6.1467e-04,1.0748e-18,9.1429e-06,1.5238e-05,-6.0952e-06,5.7314e-25,-2.1283e-19,1.3704e-01,8.9666e-02
2.7600e+03,2.5000e+02,8.9896e-01,8.9827e-01,3.1724e-24,6.9258e-04,4.0344e-18,1.0262e-05,1.7103e-05,-6.8414e-06,2.4198e-25,-2.8549e-19,1.5381e-01,9.1469e-02
2.7720e+03,2.5100e+02,8.9883e-01,8.9805e-01,1.3044e-24,7.8000e-04,8.2234e-18,1.1513e-05,1.9188e-05,-7.6753e-06,1.0093e-25,-3.9872e-19,1.7256e-01,9.3485e-02
2.7840e+03,2.5200e+02,8.9868e-01,8.9780e-01,5.2979e-25,8.7806e-04,1.4109e-17,1.2910e-05,2.1517e-05,-8.6068e-06,4.1581e-26,-5.6469e-19,1.9350e-01,9.5739e-02
2.7960e+03,2.5300e+02,8.9852e-01,8.9753e-01,2.1252e-25,9.8799e-04,2.2375e-17,1.4470e-05,2.4117e-05,-9.6469e-06,1.6918e-26,-8.1463e-19,2.1689e-01,9.8257e-02
2.8080e+03,2.5400e+02,8.9833e-01,8.9722e-01,8.4189e-26,1.1112e-03,3.3830e-17,1.6211e-05,2.7019e-05,-1.0808e-05,6.7976e-27,-1.0995e-18,2.4298e-01,1.0107e-01
2.8200e+03,2.5500e+02,8.9813e-01,8.9688e-01,3.2931e-26,1.2491e-03,4.9984e-17,1.8153e-05,3.0255e-05,-1.2102e-05,2.6967e-27,-1.5657e-18,2.7209e-01,1.0420e-01
2.8320e+03,2.5600e+02,8.9789e-01,8.9649e-01,1.2717e-26,1.4036e-03,7.2515e-17,2.0318e-05,3.3863e-05,-1.3545e-05,1.0562e-27,-2.1760e-18,3.0453e-01,1.0770e-01
2.8440e+03,2.5700e+02,8.9764e-01,8.9606e-01,4.8478e-27,1.5764e-03,1.0393e-16,2.2730e-05,3.7883e-05,-1.5153e-05,4.0831e-28,-3.0160e-18,3.4068e-01,1.1160e-01
2.8560e+03,2.5800e+02,8.9735e-01,8.9558e-01,1.8240e-27,1.7697e-03,1.4759e-16,2.5416e-05,4.2360e-05,-1.6944e-05,1.5579e-28,-4.2032e-18,3.8095e-01,1.1595e-01
2.8680e+03,2.5900e+02,8.9702e-01,8.9504e-01,6.7728e-28,1.9858e-03,2.0839e-16,2.8406e-05,4.7343e-05,-1.8937e-05,5.8662e-29,-5.8630e-18,4.2576e-01,1.2079e-01
2.8800e+03,2.6000e+02,8.9666e-01,8.9443e-01,2.4815e-28,2.2272e-03,2.9289e-16,3.1732e-05,5.2887e-05,-2.1155e-05,2.1795e-29,-8.1191e-18,4.7561e-01,1.2617e-01
2.8920e+03,2.6100e+02,8.9625e-01,8.9376e-01,8.9704e-29,2.4968e-03,4.1006e-16,3.5430e-05,5.9050e-05,-2.3620e-05,7.9888e-30,-1.1285e-17,5.3104e-01,1.3217e-01
2.9040e+03,2.6200e+02,8.9580e-01,8.9301e-01,3.1988e-29,2.7978e-03,5.7247e-16,3.9539e-05,6.5898e-05,-2.6359e-05,2.8885e-30,-1.5646e-17,5.9262e-01,1.3883e-01
2.9160e+03,2.6300e+02,8.9530e-01,8.9217e-01,1.1251e-29,3.1335e-03,7.9688e-16,4.4102e-05,7.3503e-05,-2.9401e-05,1.0301e-30,-2.1608e-17,6.6101e-01,1.4623e-01
2.9280e+03,2.6400e+02,8.9474e-01,8.9123e-01,3.9026e-30,3.5080e-03,1.1073e-15,4.9166e-05,8.1943e-05,-3.2777e-05,3.6227e-31,-2.9863e-17,7.3692e-01,1.5444e-01
2.9400e+03,2.6500e+02,8.9411e-01,8.9019e-01,1.3348e-30,3.9252e-03,1.5355e-15,5.4783e-05,9.1304e-05,-3.6522e-05,1.2562e-31,-4.1187e-17,8.2110e-01,1.6356e-01
2.9520e+03,2.6600e+02,8.9341e-01,8.8902e-01,4.5013e-31,4.3900e-03,2.1261e-15,6.1008e-05,1.0168e-04,-4.0672e-05,4.2948e-32,-5.6786e-17,9.1441e-01,1.7367e-01
2.9640e+03,2.6700e+02,8.9264e-01,8.8773e-01,1.4963e-31,4.9075e-03,2.9388e-15,6.7903e-05,1.1317e-04,-4.5269e-05,1.4473e-32,-7.8058e-17,1.0178e+00,1.8488e-01
2.9760e+03,2.6800e+02,8.9178e-01,8.8629e-01,4.9027e-32,5.4833e-03,4.0563e-15,7.5535e-05,1.2589e-04,-5.0357e-05,4.8074e-33,-1.0731e-16,1.1321e+00,1.9729e-01
2.9880e+03,2.6900e+02,8.9081e-01,8.8469e-01,1.5831e-32,6.1236e-03,5.5911e-15,8.3976e-05,1.3996e-04,-5.5984e-05,1.5736e-33,-1.4733e-16,1.2587e+00,2.1102e-01
3.0000e+03,2.7000e+02,8.8975e-01,8.8291e-01,5.0368e-33,6.8352e-03,7.6965e-15,9.3303e-05,1.5551e-04,-6.2202e-05,5.0750e-34,-2.0190e-16,1.3985e+00,2.2620e-01
3.0120e+03,2.7100e+02,8.8856e-01,8.8094e-01,1.5788e-33,7.6256e-03,1.0581e-14,1.0360e-04,1.7267e-04,-6.9069e-05,1.6125e-34,-2.7635e-16,1.5528e+00,2.4297e-01
3.0240e+03,2.7200e+02,8.8725e-01,8.7874e-01,4.8751e-34,8.5029e-03,1.4526e-14,1.1497e-04,1.9161e-04,-7.6644e-05,5.0468e-35,-3.7790e-16,1.7232e+00,2.6148e-01
3.0360e+03,2.7300e+02,8.8579e-01,8.7631e-01,1.4826e-34,9.4761e-03,1.9917e-14,1.2749e-04,2.1248e-04,-8.4993e-05,1.5557e-35,-5.1594e-16,1.9109e+00,2.8190e-01
3.0480e+03,2.7400e+02,8.8417e-01,8.7361e-01,4.4403e-35,1.0555e-02,2.7274e-14,1.4128e-04,2.3547e-04,-9.4186e-05,4.7221e-36,-7.0379e-16,2.1176e+00,3.0438e-01
3.0600e+03,2.7500e+02,8.8238e-01,8.7063e-01,1.3094e-35,1.1750e-02,3.7299e-14,1.5645e-04,2.6075e-04,-1.0430e-04,1.4113e-36,-9.5864e-16,2.3449e+00,3.2913e-01
3.0720e+03,2.7600e+02,8.8039e-01,8.6732e-01,3.8011e-36,1.3073e-02,5.0946e-14,1.7311e-04,2.8852e-04,-1.1541e-04,4.1521e-37,-1.3044e-15,2.5947e+00,3.5633e-01
3.0840e+03,2.7700e+02,8.7820e-01,8.6366e-01,1.0862e-36,1.4536e-02,6.9496e-14,1.9140e-04,3.1900e-04,-1.2760e-04,1.2024e-37,-1.7717e-15,2.8688e+00,3.8620e-01
3.0960e+03,2.7800e+02,8.7577e-01,8.5962e-01,3.0546e-37,1.6153e-02,9.4675e-14,2.1144e-04,3.5240e-04,-1.4096e-04,3.4269e-38,-2.4036e-15,3.1691e+00,4.1895e-01
3.1080e+03,2.7900e+02,8.7309e-01,8.5516e-01,8.4529e-38,1.7938e-02,1.2881e-13,2.3337e-04,3.8895e-04,-1.5558e-04,9.6101e-39,-3.2563e-15,3.4978e+00,4.5480e-01
3.1200e+03,2.8000e+02,8.7014e-01,8.5023e-01,2.3014e-38,1.9907e-02,1.7502e-13,2.5734e-04,4.2889e-04,-1.7156e-04,2.6514e-39,-4.4061e-15,3.8570e+00,4.9400e-01
3.1320e+03,2.8100e+02,8.6688e-01,8.4481e-01,6.1638e-39,2.2078e-02,2.3750e-13,2.8348e-04,4.7246e-04,-1.8899e-04,7.1958e-40,-5.9530e-15,4.2489e+00,5.3678e-01
3.1440e+03,2.8200e+02,8.6330e-01,8.3883e-01,1.6237e-39,2.4467e-02,3.2183e-13,3.1195e-04,5.1991e-04,-2.0796e-04,1.9207e-40,-8.0315e-15,4.6756e+00,5.8338e-01
3.1560e+03,2.8300e+02,8.5936e-01,8.3226e-01,4.2061e-40,2.7095e-02,4.3553e-13,3.4289e-04,5.7148e-04,-2.2859e-04,5.0415e-41,-1.0820e-14,5.1393e+00,6.3406e-01
3.1680e+03,2.8400e+02,8.5503e-01,8.2505e-01,1.0713e-40,2.9982e-02,5.8857e-13,3.7644e-04,6.2740e-04,-2.5096e-04,1.3011e-41,-1.4555e-14,5.6422e+00,6.8905e-01
3.1800e+03,2.8500e+02,8.5028e-01,8.1713e-01,2.6824e-41,3.3149e-02,7.9426e-13,4.1274e-04,6.8790e-04,-2.7516e-04,3.3008e-42,-1.9550e-14,6.1863e+00,7.4857e-01
3.1920e+03,2.8600e+02,8.4507e-01,8.0845e-01,6.6018e-42,3.6619e-02,1.0703e-12,4.5192e-04,7.5320e-04,-3.0128e-04,8.2307e-43,-2.6218e-14,6.7735e+00,8.1284e-01
3.2040e+03,2.8700e+02,8.3938e-01,7.9896e-01,1.5968e-42,4.0415e-02,1.4401e-12,4.9408e-04,8.2347e-04,-3.2939e-04,2.0169e-43,-3.5103e-14,7.4055e+00,8.8203e-01
3.2160e+03,2.8800e+02,8.3316e-01,7.8860e-01,3.7948e-43,4.4561e-02,1.9349e-12,5.3931e-04,8.9885e-04,-3.5954e-04,4.8562e-44,-4.6923e-14,8.0834e+00,9.5630e-01
3.2280e+03,2.8900e+02,8.2638e-01,7.7729e-01,8.8601e-44,4.9083e-02,2.5956e-12,5.8767e-04,9.7944e-04,-3.9178e-04,1.1487e-44,-6.2618e-14,8.8082e+00,1.0357e+00
3.2400e+03,2.9000e+02,8.1899e-01,7.6499e-01,2.0319e-44,5.4006e-02,3.4764e-12,6.3917e-04,1.0653e-03,-4.2611e-04,2.6687e-45,-8.3412e-14,9.5801e+00,1.1204e+00
3.2520e+03,2.9100e+02,8.1097e-01,7.5162e-01,4.5765e-45,5.9354e-02,4.6485e-12,6.9378e-04,1.1563e-03,-4.6252e-04,6.0891e-46,-1.1091e-13,1.0399e+01,1.2102e+00
3.2640e+03,2.9200e+02,8.0227e-01,7.3712e-01,1.0121e-45,6.5152e-02,6.2054e-12,7.5142e-04,1.2524e-03,-5.0095e-04,1.3642e-46,-1.4720e-13,1.1263e+01,1.3050e+00
3.2760e+03,2.9300e+02,7.9286e-01,7.2144e-01,2.1976e-46,7.1423e-02,8.2693e-12,8.1193e-04,1.3532e-03,-5.4129e-04,3.0004e-47,-1.9498e-13,1.2170e+01,1.4046e+00
3.2880e+03,2.9400e+02,7.8271e-01,7.0452e-01,4.6837e-47,7.8191e-02,1.1000e-11,8.7507e-04,1.4585e-03,-5.8338e-04,6.4776e-48,-2.5774e-13,1.3116e+01,1.5085e+00
3.3000e+03,2.9500e+02,7.7179e-01,6.8632e-01,9.7966e-48,8.5474e-02,1.4606e-11,9.4050e-04,1.5675e-03,-6.2700e-04,1.3724e-48,-3.3997e-13,1.4097e+01,1.6163e+00
3.3120e+03,2.9600e+02,7.6007e-01,6.6678e-01,2.0107e-48,9.3288e-02,1.9356e-11,1.0078e-03,1.6796e-03,-6.7185e-04,2.8531e-49,-4.4746e-13,1.5105e+01,1.7272e+00
3.3240e+03,2.9700e+02,7.4753e-01,6.4588e-01,4.0486e-49,1.0165e-01,2.5599e-11,1.0763e-03,1.7939e-03,-7.1755e-04,5.8189e-50,-5.8755e-13,1.6132e+01,1.8402e+00
3.3360e+03,2.9800e+02,7.3416e-01,6.2361e-01,7.9963e-50,1.1056e-01,3.3786e-11,1.1454e-03,1.9091e-03,-7.6363e-04,1.1641e-50,-7.6964e-13,1.7168e+01,1.9542e+00
3.3480e+03,2.9900e+02,7.1997e-01,5.9995e-01,1.5489e-50,1.2002e-01,4.4495e-11,1.2143e-03,2.0238e-03,-8.0951e-04,2.2837e-51,-1.0056e-12,1.8200e+01,2.0678e+00
3.3600e+03,3.0000e+02,7.0496e-01,5.7493e-01,2.9418e-51,1.3003e-01,5.8466e-11,1.2818e-03,2.1363e-03,-8.5453e-04,4.3930e-52,-1.3104e-12,1.9212e+01,2.1792e+00
3.3720e+03,3.0100e+02,6.8915e-01,5.4859e-01,5.4777e-52,1.4057e-01,7.6644e-11,1.3468e-03,2.2447e-03,-8.9790e-04,8.2844e-53,-1.7028e-12,2.0187e+01,2.2866e+00
3.3840e+03,3.0200e+02,6.7259e-01,5.2098e-01,9.9973e-53,1.5161e-01,1.0023e-10,1.4081e-03,2.3468e-03,-9.3874e-04,1.5313e-53,-2.2063e-12,2.1105e+01,2.3878e+00
3.3960e+03,3.0300e+02,6.5532e-01,4.9220e-01,1.7881e-53,1.6312e-01,1.3073e-10,1.4641e-03,2.4402e-03,-9.7607e-04,2.7737e-54,-2.8498e-12,2.1945e+01,2.4803e+00
3.4080e+03,3.0400e+02,6.3742e-01,4.6237e-01,3.1337e-54,1.7505e-01,1.7006e-10,1.5133e-03,2.5221e-03,-1.0088e-03,4.9228e-55,-3.6693e-12,2.2681e+01,2.5615e+00
3.4200e+03,3.0500e+02,6.1899e-01,4.3165e-01,5.3799e-55,1.8734e-01,2.2060e-10,1.5539e-03,2.5898e-03,-1.0359e-03,8.5588e-56,-4.7085e-12,2.3290e+01,2.6286e+00
3.4320e+03,3.0600e+02,6.0014e-01,4.0023e-01,9.0464e-56,1.9991e-01,2.8533e-10,1.5843e-03,2.6405e-03,-1.0562e-03,1.4574e-56,-6.0210e-12,2.3746e+01,2.6787e+00
3.4440e+03,3.0700e+02,5.8099e-01,3.6832e-01,1.4896e-56,2.1267e-01,3.6794e-10,1.6029e-03,2.6714e-03,-1.0686e-03,2.4302e-57,-7.6710e-12,2.4024e+01,2.7092e+00
3.4560e+03,3.0800e+02,5.6171e-01,3.3618e-01,2.4015e-57,2.2553e-01,4.7296e-10,1.6079e-03,2.6799e-03,-1.0719e-03,3.9674e-58,-9.7361e-12,2.4100e+01,2.7173e+00
3.4680e+03,3.0900e+02,5.4246e-01,3.0410e-01,3.7899e-58,2.3836e-01,6.0596e-10,1.5982e-03,2.6636e-03,-1.0654e-03,6.3401e-59,-1.2308e-11,2.3954e+01,2.7008e+00
3.4800e+03,3.1000e+02,5.2343e-01,2.7239e-01,5.8531e-59,2.5104e-01,7.7371e-10,1.5725e-03,2.6208e-03,-1.0483e-03,9.9156e-60,-1.5497e-11,2.3569e+01,2.6579e+00
3.4920e+03,3.1100e+02,5.0482e-01,2.4137e-01,8.8407e-60,2.6345e-01,9.8442e-10,1.5303e-03,2.5505e-03,-1.0202e-03,1.5174e-60,-1.9429e-11,2.2937e+01,2.5875e+00
3.5040e+03,3.1200e+02,4.8682e-01,2.1137e-01,1.3023e-60,2.7545e-01,1.2480e-09,1.4715e-03,2.4524e-03,-9.8097e-04,2.2714e-61,-2.4254e-11,2.2055e+01,2.4893e+00
3.5160e+03,3.1300e+02,4.6964e-01,1.8273e-01,1.8369e-61,2.8691e-01,1.5762e-09,1.3964e-03,2.3274e-03,-9.3094e-04,3.3239e-62,-3.0146e-11,2.0930e+01,2.3641e+00
3.5280e+03,3.1400e+02,4.5345e-01,1.5576e-01,2.1616e-62,2.9770e-01,1.9831e-09,1.3063e-03,2.1772e-03,-8.7090e-04,4.7279e-63,-3.7303e-11,1.9580e+01,2.2139e+00
3.5400e+03,3.1500e+02,4.3844e-01,1.3073e-01,9.2917e-65,3.0771e-01,2.4853e-09,1.2031e-03,2.0052e-03,-8.0208e-04,2.7725e-64,-4.5954e-11,1.8033e+01,2.0416e+00
3.5520e+03,3.1600e+02,4.2473e-01,1.0788e-01,0.0000e+00,3.1685e-01,3.1025e-09,1.0893e-03,1.8155e-03,-7.2619e-04,0.0000e+00,-5.6363e-11,1.6327e+01,1.8517e+00
3.5640e+03,3.1700e+02,4.1244e-01,8.7402e-02,0.0000e+00,3.2504e-01,3.8577e-09,9.6801e-04,1.6134e-03,-6.4534e-04,0.0000e+00,-6.8830e-11,1.4509e+01,1.6492e+00
3.5760e+03,3.1800e+02,4.0164e-01,6.9394e-02,0.0000e+00,3.3224e-01,4.7778e-09,8.4291e-04,1.4049e-03,-5.6194e-04,0.0000e+00,-8.3701e-11,1.2634e+01,1.4403e+00
3.5880e+03,3.1900e+02,3.9234e-01,5.3894e-02,0.0000e+00,3.3844e-01,5.8941e-09,7.1786e-04,1.1964e-03,-4.7857e-04,0.0000e+00,-1.0138e-10,1.0760e+01,1.2314e+00
3.6000e+03,3.2000e+02,3.8452e-01,4.0859e-02,0.0000e+00,3.4366e-01,7.2432e-09,5.9672e-04,9.9453e-04,-3.9781e-04,0.0000e+00,-1.2232e-10,8.9439e+00,1.0290e+00
3.6120e+03,3.2100e+02,3.7810e-01,3.0171e-02,0.0000e+00,3.4793e-01,8.8678e-09,4.8307e-04,8.0511e-04,-3.2204e-04,0.0000e+00,-1.4707e-10,7.2404e+00,8.3897e-01
3.6240e+03,3.2200e+02,3.7299e-01,2.1646e-02,0.0000e+00,3.5134e-01,1.0818e-08,3.7993e-04,6.3322e-04,-2.5329e-04,0.0000e+00,-1.7625e-10,5.6945e+00,6.6646e-01
3.6360e+03,3.2300e+02,3.6903e-01,1.5049e-02,0.0000e+00,3.5398e-01,1.3150e-08,2.8954e-04,4.8256e-04,-1.9302e-04,0.0000e+00,-2.1063e-10,4.3397e+00,5.1520e-01
3.6480e+03,3.2400e+02,3.6607e-01,1.0109e-02,0.0000e+00,3.5596e-01,1.5934e-08,2.1319e-04,3.5532e-04,-1.4212e-04,0.0000e+00,-2.5107e-10,3.1954e+00,3.8738e-01
3.6600e+03,3.2500e+02,3.6392e-01,6.5408e-03,0.0000e+00,3.5738e-01,1.9249e-08,1.5119e-04,2.5198e-04,-1.0079e-04,0.0000e+00,-2.9863e-10,2.2661e+00,2.8354e-01
3.6720e+03,3.2600e+02,3.6244e-01,4.0618e-03,0.0000e+00,3.5838e-01,2.3187e-08,1.0291e-04,1.7151e-04,-6.8603e-05,0.0000e+00,-3.5456e-10,1.5424e+00,2.0264e-01
3.6840e+03,3.2700e+02,3.6145e-01,2.4119e-03,0.0000e+00,3.5904e-01,2.7858e-08,6.6982e-05,1.1163e-04,-4.4650e-05,0.0000e+00,-4.2033e-10,1.0039e+00,1.4241e-01
3.6960e+03,3.2800e+02,3.6082e-01,1.3638e-03,0.0000e+00,3.5945e-01,3.3393e-08,4.1518e-05,6.9192e-05,-2.7674e-05,0.0000e+00,-4.9766e-10,6.2229e-01,9.9704e-02
3.7080e+03,3.2900e+02,3.6044e-01,7.3096e-04,0.0000e+00,3.5971e-01,3.9941e-08,2.4398e-05,4.0658e-05,-1.6259e-05,0.0000e+00,-5.8862e-10,3.6569e-01,7.0977e-02
3.7200e+03,3.3000e+02,3.6022e-01,3.6955e-04,0.0000e+00,3.5985e-01,4.7683e-08,1.3527e-05,2.2538e-05,-9.0106e-06,0.0000e+00,-6.9560e-10,2.0274e-01,5.2726e-02
3.7320e+03,3.3100e+02,3.6010e-01,1.7528e-04,0.0000e+00,3.5993e-01,5.6827e-08,7.0384e-06,1.1723e-05,-4.6837e-06,0.0000e+00,-8.2141e-10,1.0549e-01,4.1829e-02
3.7440e+03,3.3200e+02,3.6005e-01,7.7528e-05,0.0000e+00,3.5997e-01,6.7622e-08,3.4182e-06,5.6878e-06,-2.2687e-06,0.0000e+00,-9.6933e-10,5.1233e-02,3.5745e-02
3.7560e+03,3.3300e+02,3.6002e-01,3.1772e-05,0.0000e+00,3.5999e-01,8.0356e-08,1.5410e-06,2.5576e-06,-1.0154e-06,0.0000e+00,-1.1432e-09,2.3098e-02,3.2589e-02
3.7680e+03,3.3400e+02,3.6001e-01,1.1978e-05,0.0000e+00,3.5999e-01,9.5370e-08,6.4263e-07,1.0583e-06,-4.1435e-07,0.0000e+00,-1.3475e-09,9.6320e-03,3.1077e-02
3.7800e+03,3.3500e+02,3.6000e-01,4.1219e-06,0.0000e+00,3.6000e-01,1.1306e-07,2.4892e-07,3.9988e-07,-1.4937e-07,0.0000e+00,-1.5874e-09,3.7310e-03,3.0414e-02
3.7920e+03,3.3600e+02,3.6000e-01,1.2835e-06,0.0000e+00,3.6000e-01,1.3389e-07,9.2664e-08,1.3679e-07,-4.2256e-08,0.0000e+00,-1.8689e-09,1.3889e-03,3.0150e-02
3.8040e+03,3.3700e+02,3.6000e-01,3.5825e-07,0.0000e+00,3.6000e-01,1.5842e-07,3.7642e-08,4.1965e-08,-2.1240e-09,0.0000e+00,-2.1993e-09,5.6419e-04,3.0056e-02
3.8160e+03,3.3800e+02,3.6000e-01,8.8696e-08,0.0000e+00,3.6000e-01,1.8727e-07,2.1514e-08,1.1427e-08,1.2674e-08,0.0000e+00,-2.5867e-09,3.2246e-04,3.0028e-02
3.8280e+03,3.3900e+02,3.6000e-01,1.9256e-08,0.0000e+00,3.6000e-01,2.2118e-07,1.8869e-08,2.7305e-09,1.9179e-08,0.0000e+00,-3.0407e-09,2.8281e-04,3.0022e-02
3.8400e+03,3.4000e+02,3.6000e-01,3.6190e-09,0.0000e+00,3.6000e-01,2.6105e-07,2.0583e-08,5.6530e-10,2.3590e-08,0.0000e+00,-3.5724e-09,3.0851e-04,3.0023e-02
3.8520e+03,3.4100e+02,3.6000e-01,5.8059e-10,0.0000e+00,3.6000e-01,3.0786e-07,2.3832e-08,9.9997e-11,2.7927e-08,0.0000e+00,-4.1950e-09,3.5720e-04,3.0026e-02
3.8640e+03,3.4200e+02,3.6000e-01,7.8266e-11,0.0000e+00,3.6000e-01,3.6283e-07,2.7909e-08,1.4880e-11,3.2818e-08,0.0000e+00,-4.9235e-09,4.1831e-04,3.0031e-02
3.8760e+03,3.4300e+02,3.6000e-01,8.7122e-12,0.0000e+00,3.6000e-01,4.2731e-07,3.2729e-08,1.8306e-12,3.8503e-08,0.0000e+00,-5.7755e-09,4.9056e-04,3.0036e-02
3.8880e+03,3.4400e+02,3.6000e-01,7.8537e-13,0.0000e+00,3.6000e-01,5.0294e-07,3.8372e-08,1.8265e-13,4.5143e-08,0.0000e+00,-6.7715e-09,5.7513e-04,3.0042e-02
3.9000e+03,3.4500e+02,3.6000e-01,5.6096e-14,0.0000e+00,3.6000e-01,5.9158e-07,4.4965e-08,1.4464e-14,5.2900e-08,0.0000e+00,-7.9351e-09,6.7396e-04,3.0049e-02
3.9120e+03,3.4600e+02,3.6000e-01,3.0980e-15,0.0000e+00,3.6000e-01,6.9543e-07,5.2665e-08,8.8722e-16,6.1959e-08,0.0000e+00,-9.2939e-09,7.8936e-04,3.0058e-02
3.9240e+03,3.4700e+02,3.6000e-01,1.2869e-16,0.0000e+00,3.5999e-01,8.1702e-07,6.1652e-08,4.1023e-17,7.2532e-08,0.0000e+00,-1.0880e-08,9.2406e-04,3.0068e-02
3.9360e+03,3.4800e+02,3.5999e-01,3.8968e-18,0.0000e+00,3.5999e-01,9.5932e-07,7.2136e-08,1.3862e-18,8.4865e-08,0.0000e+00,-1.2730e-08,1.0812e-03,3.0080e-02
3.9480e+03,3.4900e+02,3.5999e-01,8.3015e-20,0.0000e+00,3.5999e-01,1.1258e-06,8.4359e-08,3.3050e-20,9.9246e-08,0.0000e+00,-1.4887e-08,1.2644e-03,3.0093e-02
3.9600e+03,3.5000e+02,3.5999e-01,1.1945e-21,0.0000e+00,3.5999e-01,1.3204e-06,9.8605e-08,5.3401e-22,1.1601e-07,0.0000e+00,-1.7401e-08,1.4779e-03,3.0109e-02
3.9720e+03,3.5100e+02,3.5999e-01,1.1078e-23,0.0000e+00,3.5999e-01,1.5478e-06,1.1520e-07,5.5827e-24,1.3553e-07,0.0000e+00,-2.0329e-08,1.7266e-03,3.0127e-02
3.9840e+03,3.5200e+02,3.5999e-01,6.2698e-26,0.0000e+00,3.5999e-01,1.8134e-06,1.3452e-07,3.5784e-26,1.5826e-07,0.0000e+00,-2.3738e-08,2.0162e-03,3.0149e-02
3.9960e+03,3.5300e+02,3.5999e-01,2.0317e-28,0.0000e+00,3.5999e-01,2.1234e-06,1.5700e-07,1.3204e-28,1.8470e-07,0.0000e+00,-2.7705e-08,2.3531e-03,3.0174e-02
4.0080e+03,3.5400e+02,3.5999e-01,3.4948e-31,0.0000e+00,3.5998e-01,2.4852e-06,1.8314e-07,2.6035e-31,2.1546e-07,0.0000e+00,-3.2320e-08,2.7450e-03,3.0203e-02
4.0200e+03,3.5500e+02,3.5998e-01,2.9145e-34,0.0000e+00,3.5998e-01,2.9071e-06,2.1354e-07,2.5086e-34,2.5123e-07,0.0000e+00,-3.7684e-08,3.2006e-03,3.0237e-02
4.0320e+03,3.5600e+02,3.5998e-01,1.0550e-37,0.0000e+00,3.5998e-01,3.3989e-06,2.4886e-07,1.0596e-37,2.9278e-07,0.0000e+00,-4.3917e-08,3.7300e-03,3.0276e-02
4.0440e+03,3.5700e+02,3.5998e-01,1.4455e-41,0.0000e+00,3.5997e-01,3.9719e-06,2.8988e-07,1.7152e-41,3.4104e-07,0.0000e+00,-5.1156e-08,4.3449e-03,3.0322e-02
4.0560e+03,3.5800e+02,3.5997e-01,6.2981e-46,0.0000e+00,3.5997e-01,4.6391e-06,3.3750e-07,8.9718e-46,3.9706e-07,0.0000e+00,-5.9559e-08,5.0586e-03,3.0375e-02
4.0680e+03,3.5900e+02,3.5997e-01,6.9484e-51,0.0000e+00,3.5996e-01,5.4157e-06,3.9275e-07,1.2140e-50,4.6206e-07,0.0000e+00,-6.9309e-08,5.8867e-03,3.0437e-02
4.0800e+03,3.6000e+02,3.5996e-01,1.4236e-56,0.0000e+00,3.5996e-01,6.3193e-06,4.5683e-07,3.1426e-56,5.3744e-07,0.0000e+00,-8.0616e-08,6.8471e-03,3.0508e-02
4.0920e+03,3.6100e+02,3.5996e-01,3.2292e-63,0.0000e+00,3.5995e-01,7.3700e-06,5.3110e-07,1.0097e-62,6.2482e-07,0.0000e+00,-9.3723e-08,7.9603e-03,3.0591e-02
4.1040e+03,3.6200e+02,3.5995e-01,0.0000e+00,0.0000e+00,3.5994e-01,8.5911e-06,6.1715e-07,0.0000e+00,7.2606e-07,0.0000e+00,-1.0891e-07,9.2501e-03,3.0688e-02
4.1160e+03,3.6300e+02,3.5994e-01,0.0000e+00,0.0000e+00,3.5993e-01,1.0010e-05,7.1681e-07,0.0000e+00,8.4331e-07,0.0000e+00,-1.2650e-07,1.0744e-02,3.0799e-02
4.1280e+03,3.6400e+02,3.5993e-01,0.0000e+00,0.0000e+00,3.5992e-01,1.1657e-05,8.3217e-07,0.0000e+00,9.7902e-07,0.0000e+00,-1.4685e-07,1.2473e-02,3.0928e-02
4.1400e+03,3.6500e+02,3.5992e-01,0.0000e+00,0.0000e+00,3.5991e-01,1.3569e-05,9.6563e-07,0.0000e+00,1.1360e-06,0.0000e+00,-1.7041e-07,1.4473e-02,3.1078e-02
4.1520e+03,3.6600e+02,3.5991e-01,0.0000e+00,0.0000e+00,3.5989e-01,1.5787e-05,1.1200e-06,0.0000e+00,1.3176e-06,0.0000e+00,-1.9764e-07,1.6787e-02,3.1251e-02
4.1640e+03,3.6700e+02,3.5990e-01,0.0000e+00,0.0000e+00,3.5988e-01,1.8359e-05,1.2984e-06,0.0000e+00,1.5275e-06,0.0000e+00,-2.2912e-07,1.9460e-02,3.1452e-02
4.1760e+03,3.6800e+02,3.5988e-01,0.0000e+00,0.0000e+00,3.5986e-01,2.1340e-05,1.5045e-06,0.0000e+00,1.7700e-06,0.0000e+00,-2.6550e-07,2.2550e-02,3.1683e-02
4.1880e+03,3.6900e+02,3.5986e-01,0.0000e+00,0.0000e+00,3.5983e-01,2.4793e-05,1.7425e-06,0.0000e+00,2.0500e-06,0.0000e+00,-3.0750e-07,2.6117e-02,3.1951e-02
4.2000e+03,3.7000e+02,3.5984e-01,0.0000e+00,0.0000e+00,3.5981e-01,2.8791e-05,2.0172e-06,0.0000e+00,2.3732e-06,0.0000e+00,-3.5598e-07,3.0235e-02,3.2260e-02
4.2120e+03,3.7100e+02,3.5981e-01,0.0000e+00,0.0000e+00,3.5978e-01,3.3418e-05,2.3342e-06,0.0000e+00,2.7461e-06,0.0000e+00,-4.1191e-07,3.4985e-02,3.2617e-02
4.2240e+03,3.7200e+02,3.5978e-01,0.0000e+00,0.0000e+00,3.5974e-01,3.8771e-05,2.6997e-06,0.0000e+00,3.1761e-06,0.0000e+00,-4.7641e-07,4.0464e-02,3.3029e-02
4.2360e+03,3.7300e+02,3.5975e-01,0.0000e+00,0.0000e+00,3.5970e-01,4.4961e-05,3.1209e-06,0.0000e+00,3.6717e-06,0.0000e+00,-5.5075e-07,4.6778e-02,3.3504e-02
4.2480e+03,3.7400e+02,3.5970e-01,0.0000e+00,0.0000e+00,3.5965e-01,5.2115e-05,3.6063e-06,0.0000e+00,4.2427e-06,0.0000e+00,-6.3640e-07,5.4052e-02,3.4052e-02
4.2600e+03,3.7500e+02,3.5966e-01,0.0000e+00,0.0000e+00,3.5960e-01,6.0379e-05,4.1651e-06,0.0000e+00,4.9001e-06,0.0000e+00,-7.3502e-07,6.2428e-02,3.4683e-02
4.2720e+03,3.7600e+02,3.5960e-01,0.0000e+00,0.0000e+00,3.5953e-01,6.9921e-05,4.8083e-06,0.0000e+00,5.6568e-06,0.0000e+00,-8.4852e-07,7.2069e-02,3.5410e-02
4.2840e+03,3.7700e+02,3.5954e-01,0.0000e+00,0.0000e+00,3.5946e-01,8.0934e-05,5.5482e-06,0.0000e+00,6.5273e-06,0.0000e+00,-9.7910e-07,8.3159e-02,3.6247e-02
4.2960e+03,3.7800e+02,3.5947e-01,0.0000e+00,0.0000e+00,3.5938e-01,9.3638e-05,6.3990e-06,0.0000e+00,7.5282e-06,0.0000e+00,-1.1292e-06,9.5911e-02,3.7211e-02
4.3080e+03,3.7900e+02,3.5939e-01,0.0000e+00,0.0000e+00,3.5928e-01,1.0829e-04,7.3767e-06,0.0000e+00,8.6785e-06,0.0000e+00,-1.3018e-06,1.1057e-01,3.8318e-02
4.3200e+03,3.8000e+02,3.5929e-01,0.0000e+00,0.0000e+00,3.5917e-01,1.2517e-04,8.4998e-06,0.0000e+00,9.9998e-06,0.0000e+00,-1.5000e-06,1.2740e-01,3.9591e-02
4.3320e+03,3.8100e+02,3.5918e-01,0.0000e+00,0.0000e+00,3.5904e-01,1.4462e-04,9.7891e-06,0.0000e+00,1.1517e-05,0.0000e+00,-1.7275e-06,1.4672e-01,4.1054e-02
4.3440e+03,3.8200e+02,3.5905e-01,0.0000e+00,0.0000e+00,3.5889e-01,1.6701e-04,1.1269e-05,0.0000e+00,1.3257e-05,0.0000e+00,-1.9886e-06,1.6890e-01,4.2734e-02
4.3560e+03,3.8300e+02,3.5891e-01,0.0000e+00,0.0000e+00,3.5871e-01,1.9278e-04,1.2965e-05,0.0000e+00,1.5253e-05,0.0000e+00,-2.2880e-06,1.9433e-01,4.4661e-02
4.3680e+03,3.8400e+02,3.5874e-01,0.0000e+00,0.0000e+00,3.5852e-01,2.2242e-04,1.4910e-05,0.0000e+00,1.7541e-05,0.0000e+00,-2.6311e-06,2.2347e-01,4.6872e-02
4.3800e+03,3.8500e+02,3.5855e-01,0.0000e+00,0.0000e+00,3.5829e-01,2.5649e-04,1.7137e-05,0.0000e+00,2.0162e-05,0.0000e+00,-3.0242e-06,2.5686e-01,4.9407e-02
4.3920e+03,3.8600e+02,3.5832e-01,0.0000e+00,0.0000e+00,3.5803e-01,2.9565e-04,1.9688e-05,0.0000e+00,2.3162e-05,0.0000e+00,-3.4743e-06,2.9508e-01,5.2310e-02
4.4040e+03,3.8700e+02,3.5807e-01,0.0000e+00,0.0000e+00,3.5773e-01,3.4062e-04,2.2605e-05,0.0000e+00,2.6594e-05,0.0000e+00,-3.9892e-06,3.3882e-01,5.5634e-02
4.4160e+03,3.8800e+02,3.5778e-01,0.0000e+00,0.0000e+00,3.5739e-01,3.9224e-04,2.5941e-05,0.0000e+00,3.0519e-05,0.0000e+00,-4.5779e-06,3.8882e-01,5.9438e-02
4.4280e+03,3.8900e+02,3.5744e-01,0.0000e+00,0.0000e+00,3.5699e-01,4.5145e-04,2.9753e-05,0.0000e+00,3.5003e-05,0.0000e+00,-5.2505e-06,4.4595e-01,6.3787e-02
4.4400e+03,3.9000e+02,3.5706e-01,0.0000e+00,0.0000e+00,3.5654e-01,5.1935e-04,3.4105e-05,0.0000e+00,4.0123e-05,0.0000e+00,-6.0185e-06,5.1117e-01,6.8756e-02
4.4520e+03,3.9100e+02,3.5662e-01,0.0000e+00,0.0000e+00,3.5602e-01,5.9715e-04,3.9070e-05,0.0000e+00,4.5964e-05,0.0000e+00,-6.8947e-06,5.8559e-01,7.4430e-02
4.4640e+03,3.9200e+02,3.5611e-01,0.0000e+00,0.0000e+00,3.5542e-01,6.8625e-04,4.4730e-05,0.0000e+00,5.2623e-05,0.0000e+00,-7.8935e-06,6.7042e-01,8.0901e-02
4.4760e+03,3.9300e+02,3.5553e-01,0.0000e+00,0.0000e+00,3.5475e-01,7.8822e-04,5.1176e-05,0.0000e+00,6.0207e-05,0.0000e+00,-9.0311e-06,7.6704e-01,8.8278e-02
4.4880e+03,3.9400e+02,3.5487e-01,0.0000e+00,0.0000e+00,3.5397e-01,9.0484e-04,5.8511e-05,0.0000e+00,6.8837e-05,0.0000e+00,-1.0326e-05,8.7699e-01,9.6677e-02
4.5000e+03,3.9500e+02,3.5412e-01,0.0000e+00,0.0000e+00,3.5308e-01,1.0381e-03,6.6850e-05,0.0000e+00,7.8647e-05,0.0000e+00,-1.1797e-05,1.0020e+00,1.0623e-01
4.5120e+03,3.9600e+02,3.5325e-01,0.0000e+00,0.0000e+00,3.5206e-01,1.1903e-03,7.6318e-05,0.0000e+00,8.9785e-05,0.0000e+00,-1.3468e-05,1.1439e+00,1.1709e-01
4.5240e+03,3.9700e+02,3.5227e-01,0.0000e+00,0.0000e+00,3.5091e-01,1.3640e-03,8.7056e-05,0.0000e+00,1.0242e-04,0.0000e+00,-1.5363e-05,1.3048e+00,1.2941e-01
4.5360e+03,3.9800e+02,3.5115e-01,0.0000e+00,0.0000e+00,3.4959e-01,1.5621e-03,9.9218e-05,0.0000e+00,1.1673e-04,0.0000e+00,-1.7509e-05,1.4871e+00,1.4338e-01
4.5480e+03,3.9900e+02,3.4987e-01,0.0000e+00,0.0000e+00,3.4808e-01,1.7877e-03,1.1297e-04,0.0000e+00,1.3291e-04,0.0000e+00,-1.9937e-05,1.6933e+00,1.5918e-01
4.5600e+03,4.0000e+02,3.4842e-01,0.0000e+00,0.0000e+00,3.4637e-01,2.0444e-03,1.2851e-04,0.0000e+00,1.5118e-04,0.0000e+00,-2.2678e-05,1.9261e+00,1.7705e-01
4.5720e+03,4.0100e+02,3.4676e-01,0.0000e+00,0.0000e+00,3.4443e-01,2.3362e-03,1.4602e-04,0.0000e+00,1.7178e-04,0.0000e+00,-2.5767e-05,2.1885e+00,1.9720e-01
4.5840e+03,4.0200e+02,3.4488e-01,0.0000e+00,0.0000e+00,3.4222e-01,2.6676e-03,1.6571e-04,0.0000e+00,1.9496e-04,0.0000e+00,-2.9243e-05,2.4838e+00,2.1988e-01
4.5960e+03,4.0300e+02,3.4275e-01,0.0000e+00,0.0000e+00,3.3971e-01,3.0435e-03,1.8782e-04,0.0000e+00,2.2097e-04,0.0000e+00,-3.3145e-05,2.8152e+00,2.4536e-01
4.6080e+03,4.0400e+02,3.4034e-01,0.0000e+00,0.0000e+00,3.3687e-01,3.4691e-03,2.1258e-04,0.0000e+00,2.5010e-04,0.0000e+00,-3.7515e-05,3.1863e+00,2.7391e-01
4.6200e+03,4.0500e+02,3.3761e-01,0.0000e+00,0.0000e+00,3.3366e-01,3.9505e-03,2.4023e-04,0.0000e+00,2.8262e-04,0.0000e+00,-4.2394e-05,3.6007e+00,3.0581e-01
4.6320e+03,4.0600e+02,3.3453e-01,0.0000e+00,0.0000e+00,3.3004e-01,4.4940e-03,2.7101e-04,0.0000e+00,3.1883e-04,0.0000e+00,-4.7825e-05,4.0620e+00,3.4136e-01
4.6440e+03,4.0700e+02,3.3106e-01,0.0000e+00,0.0000e+00,3.2596e-01,5.1064e-03,3.0515e-04,0.0000e+00,3.5900e-04,0.0000e+00,-5.3850e-05,4.5737e+00,3.8081e-01
4.6560e+03,4.0800e+02,3.2716e-01,0.0000e+00,0.0000e+00,3.2137e-01,5.7952e-03,3.4286e-04,0.0000e+00,4.0337e-04,0.0000e+00,-6.0506e-05,5.1390e+00,4.2442e-01
4.6680e+03,4.0900e+02,3.2278e-01,0.0000e+00,0.0000e+00,3.1621e-01,6.5682e-03,3.8434e-04,0.0000e+00,4.5217e-04,0.0000e+00,-6.7825e-05,5.7607e+00,4.7242e-01
4.6800e+03,4.1000e+02,3.1788e-01,0.0000e+00,0.0000e+00,3.1044e-01,7.4335e-03,4.2972e-04,0.0000e+00,5.0555e-04,0.0000e+00,-7.5833e-05,6.4408e+00,5.2496e-01
4.6920e+03,4.1100e+02,3.1240e-01,0.0000e+00,0.0000e+00,3.0400e-01,8.3994e-03,4.7906e-04,0.0000e+00,5.6360e-04,0.0000e+00,-8.4541e-05,7.1804e+00,5.8214e-01
4.7040e+03,4.1200e+02,3.0631e-01,0.0000e+00,0.0000e+00,2.9684e-01,9.4743e-03,5.3234e-04,0.0000e+00,6.2629e-04,0.0000e+00,-9.3943e-05,7.9789e+00,6.4391e-01
4.7160e+03,4.1300e+02,2.9956e-01,0.0000e+00,0.0000e+00,2.8889e-01,1.0666e-02,5.8941e-04,0.0000e+00,6.9342e-04,0.0000e+00,-1.0401e-04,8.8342e+00,7.1012e-01
4.7280e+03,4.1400e+02,2.9209e-01,0.0000e+00,0.0000e+00,2.8011e-01,1.1983e-02,6.4994e-04,0.0000e+00,7.6464e-04,0.0000e+00,-1.1470e-04,9.7416e+00,7.8040e-01
4.7400e+03,4.1500e+02,2.8388e-01,0.0000e+00,0.0000e+00,2.7045e-01,1.3432e-02,7.1344e-04,0.0000e+00,8.3934e-04,0.0000e+00,-1.2590e-04,1.0693e+01,8.5417e-01
4.7520e+03,4.1600e+02,2.7490e-01,0.0000e+00,0.0000e+00,2.5988e-01,1.5018e-02,7.7915e-04,0.0000e+00,9.1665e-04,0.0000e+00,-1.3750e-04,1.1678e+01,9.3055e-01
4.7640e+03,4.1700e+02,2.6511e-01,0.0000e+00,0.0000e+00,2.4837e-01,1.6745e-02,8.4604e-04,0.0000e+00,9.9534e-04,0.0000e+00,-1.4930e-04,1.2681e+01,1.0084e+00
4.7760e+03,4.1800e+02,2.5453e-01,0.0000e+00,0.0000e+00,2.3591e-01,1.8613e-02,9.1277e-04,0.0000e+00,1.0738e-03,0.0000e+00,-1.6108e-04,1.3681e+01,1.0860e+00
4.7880e+03,4.1900e+02,2.4315e-01,0.0000e+00,0.0000e+00,2.2253e-01,2.0621e-02,9.7764e-04,0.0000e+00,1.1502e-03,0.0000e+00,-1.7252e-04,1.4653e+01,1.1615e+00
4.8000e+03,4.2000e+02,2.3102e-01,0.0000e+00,0.0000e+00,2.0825e-01,2.2762e-02,1.0386e-03,0.0000e+00,1.2219e-03,0.0000e+00,-1.8328e-04,1.5567e+01,1.2325e+00
4.8120e+03,4.2100e+02,2.1819e-01,0.0000e+00,0.0000e+00,1.9316e-01,2.5025e-02,1.0933e-03,0.0000e+00,1.2862e-03,0.0000e+00,-1.9293e-04,1.6386e+01,1.2962e+00
4.8240e+03,4.2200e+02,2.0476e-01,0.0000e+00,0.0000e+00,1.7737e-01,2.7395e-02,1.1390e-03,0.0000e+00,1.3399e-03,0.0000e+00,-2.0099e-04,1.7071e+01,1.3495e+00
4.8360e+03,4.2300e+02,1.9086e-01,0.0000e+00,0.0000e+00,1.6102e-01,2.9848e-02,1.1728e-03,0.0000e+00,1.3798e-03,0.0000e+00,-2.0696e-04,1.7578e+01,1.3888e+00
4.8480e+03,4.2400e+02,1.7665e-01,0.0000e+00,0.0000e+00,1.4429e-01,3.2356e-02,1.1919e-03,0.0000e+00,1.4022e-03,0.0000e+00,-2.1033e-04,1.7864e+01,1.4110e+00
4.8600e+03,4.2500e+02,1.6232e-01,0.0000e+00,0.0000e+00,1.2743e-01,3.4885e-02,1.1934e-03,0.0000e+00,1.4040e-03,0.0000e+00,-2.1061e-04,1.7888e+01,1.4126e+00
4.8720e+03,4.2600e+02,1.4809e-01,0.0000e+00,0.0000e+00,1.1070e-01,3.7395e-02,1.1752e-03,0.0000e+00,1.3826e-03,0.0000e+00,-2.0739e-04,1.7615e+01,1.3910e+00
4.8840e+03,4.2700e+02,1.3423e-01,0.0000e+00,0.0000e+00,9.4385e-02,3.9842e-02,1.1357e-03,0.0000e+00,1.3361e-03,0.0000e+00,-2.0042e-04,1.7022e+01,1.3444e+00
4.8960e+03,4.2800e+02,1.2098e-01,0.0000e+00,0.0000e+00,7.8795e-02,4.2181e-02,1.0744e-03,0.0000e+00,1.2640e-03,0.0000e+00,-1.8961e-04,1.6104e+01,1.2723e+00
4.9080e+03,4.2900e+02,1.0860e-01,0.0000e+00,0.0000e+00,6.4230e-02,4.4365e-02,9.9243e-04,0.0000e+00,1.1676e-03,0.0000e+00,-1.7513e-04,1.4875e+01,1.1757e+00
4.9200e+03,4.3000e+02,9.7322e-02,0.0000e+00,0.0000e+00,5.0967e-02,4.6355e-02,8.9225e-04,0.0000e+00,1.0497e-03,0.0000e+00,-1.5746e-04,1.3373e+01,1.0578e+00
4.9320e+03,4.3100e+02,8.7345e-02,0.0000e+00,0.0000e+00,3.9230e-02,4.8116e-02,7.7811e-04,0.0000e+00,9.1542e-04,0.0000e+00,-1.3731e-04,1.1663e+01,9.2329e-01
4.9440e+03,4.3200e+02,7.8799e-02,0.0000e+00,0.0000e+00,2.9175e-02,4.9624e-02,6.5564e-04,0.0000e+00,7.7134e-04,0.0000e+00,-1.1570e-04,9.8269e+00,7.7894e-01
4.9560e+03,4.3300e+02,7.1740e-02,0.0000e+00,0.0000e+00,2.0871e-02,5.0869e-02,5.3142e-04,0.0000e+00,6.2520e-04,0.0000e+00,-9.3780e-05,7.9652e+00,6.3245e-01
4.9680e+03,4.3400e+02,6.6146e-02,0.0000e+00,0.0000e+00,1.4289e-02,5.1857e-02,4.1229e-04,0.0000e+00,4.8504e-04,0.0000e+00,-7.2757e-05,6.1795e+00,4.9188e-01
4.9800e+03,4.3500e+02,6.1913e-02,0.0000e+00,0.0000e+00,9.3099e-03,5.2604e-02,3.0443e-04,0.0000e+00,3.5816e-04,0.0000e+00,-5.3724e-05,4.5630e+00,3.6454e-01
4.9920e+03,4.3600e+02,5.8875e-02,0.0000e+00,0.0000e+00,5.7351e-03,5.3140e-02,2.1259e-04,0.0000e+00,2.5011e-04,0.0000e+00,-3.7516e-05,3.1864e+00,2.5605e-01
5.0040e+03,4.3700e+02,5.6819e-02,0.0000e+00,0.0000e+00,3.3160e-03,5.3503e-02,1.3939e-04,0.0000e+00,1.6398e-04,0.0000e+00,-2.4597e-05,2.0892e+00,1.6951e-01
5.0160e+03,4.3800e+02,5.5517e-02,0.0000e+00,0.0000e+00,1.7848e-03,5.3732e-02,8.5103e-05,0.0000e+00,1.0012e-04,0.0000e+00,-1.5018e-05,1.2756e+00,1.0530e-01
5.0280e+03,4.3900e+02,5.4753e-02,0.0000e+00,0.0000e+00,8.8584e-04,5.3867e-02,4.7939e-05,0.0000e+00,5.6399e-05,0.0000e+00,-8.4599e-06,7.1853e-01,6.1313e-02
5.0400e+03,4.4000e+02,5.4341e-02,0.0000e+00,0.0000e+00,4.0113e-04,5.3940e-02,2.4653e-05,0.0000e+00,2.9003e-05,0.0000e+00,-4.3505e-06,3.6951e-01,3.3732e-02
5.0520e+03,4.4100e+02,5.4139e-02,0.0000e+00,0.0000e+00,1.6372e-04,5.3975e-02,1.1435e-05,0.0000e+00,1.3453e-05,0.0000e+00,-2.0180e-06,1.7140e-01,1.8067e-02
5.0640e+03,4.4200e+02,5.4050e-02,0.0000e+00,0.0000e+00,5.9402e-05,5.3991e-02,4.7194e-06,0.0000e+00,5.5523e-06,0.0000e+00,-8.3284e-07,7.0737e-02,1.0103e-02
5.0760e+03,4.4300e+02,5.4016e-02,0.0000e+00,0.0000e+00,1.8857e-05,5.3997e-02,1.7061e-06,0.0000e+00,2.0071e-06,0.0000e+00,-3.0107e-07,2.5571e-02,6.5265e-03
5.0880e+03,4.4400e+02,5.4004e-02,0.0000e+00,0.0000e+00,5.1439e-06,5.3999e-02,5.3061e-07,0.0000e+00,6.2425e-07,0.0000e+00,-9.3637e-08,7.9530e-03,5.1307e-03
5.1000e+03,4.4500e+02,5.4001e-02,0.0000e+00,0.0000e+00,1.1809e-06,5.4000e-02,1.3910e-07,0.0000e+00,1.6364e-07,0.0000e+00,-2.4546e-08,2.0848e-03,4.6654e-03
5.1120e+03,4.4600e+02,5.4000e-02,0.0000e+00,0.0000e+00,2.2275e-07,5.4000e-02,3.0015e-08,0.0000e+00,3.5311e-08,0.0000e+00,-5.2967e-09,4.4987e-04,4.5357e-03
5.1240e+03,4.4700e+02,5.4000e-02,0.0000e+00,0.0000e+00,3.3580e-08,5.4000e-02,5.1874e-09,0.0000e+00,6.1028e-09,0.0000e+00,-9.1542e-10,7.7750e-05,4.5062e-03
5.1360e+03,4.4800e+02,5.4000e-02,0.0000e+00,0.0000e+00,3.9180e-09,5.4000e-02,6.9563e-10,0.0000e+00,8.1838e-10,0.0000e+00,-1.2276e-10,1.0426e-05,4.5008e-03
5.1480e+03,4.4900e+02,5.4000e-02,0.0000e+00,0.0000e+00,3.4077e-10,5.4000e-02,6.9749e-11,0.0000e+00,8.2057e-11,0.0000e+00,-1.2309e-11,1.0454e-06,4.5001e-03
5.1600e+03,4.5000e+02,5.4000e-02,0.0000e+00,0.0000e+00,2.1141e-11,5.4000e-02,5.0067e-12,0.0000e+00,5.8903e-12,0.0000e+00,-8.8355e-13,7.5043e-08,4.5000e-03
5.1720e+03,4.5100e+02,5.4000e-02,0.0000e+00,0.0000e+00,8.8810e-13,5.4000e-02,2.4442e-13,0.0000e+00,2.8755e-13,0.0000e+00,-4.3131e-14,3.6634e-09,4.5000e-03
5.1840e+03,4.5200e+02,5.4000e-02,0.0000e+00,0.0000e+00,2.3739e-14,5.4000e-02,7.6343e-15,0.0000e+00,8.9797e-15,0.0000e+00,-1.3454e-15,1.1440e-10,4.5000e-03
5.1960e+03,4.5300e+02,5.4000e-02,0.0000e+00,0.0000e+00,3.7465e-16,5.4000e-02,1.4089e-16,0.0000e+00,1.6664e-16,0.0000e+00,-2.5750e-17,2.1230e-12,4.5000e-03
5.2080e+03,4.5400e+02,5.4000e-02,0.0000e+00,0.0000e+00,3.1860e-18,5.4000e-02,1.6799e-18,0.0000e+00,1.6799e-18,0.0000e+00,0.0000e+00,2.1402e-14,4.5000e-03
5.2200e+03,4.5500e+02,5.4000e-02,0.0000e+00,0.0000e+00,1.3037e-20,5.4000e-02,8.2313e-21,0.0000e+00,8.2313e-21,0.0000e+00,0.0000e+00,1.0487e-16,4.5000e-03
5.2320e+03,4.5600e+02,5.4000e-02,0.0000e+00,0.0000e+00,2.2251e-23,5.4000e-02,1.7042e-23,0.0000e+00,1.7042e-23,0.0000e+00,0.0000e+00,2.1712e-19,4.5000e-03
5.2440e+03,4.5700e+02,5.4000e-02,0.0000e+00,0.0000e+00,1.3164e-26,5.4000e-02,1.2443e-26,0.0000e+00,1.2443e-26,0.0000e+00,0.0000e+00,1.5852e-22,4.5000e-03
5.2560e+03,4.5800e+02,5.4000e-02,0.0000e+00,0.0000e+00,2.1087e-30,5.4000e-02,2.5178e-30,0.0000e+00,2.5178e-30,0.0000e+00,0.0000e+00,3.2077e-26,4.5000e-03
5.2680e+03,4.5900e+02,5.4000e-02,0.0000e+00,0.0000e+00,6.4798e-35,5.4000e-02,1.0106e-34,0.0000e+00,1.0106e-34,0.0000e+00,0.0000e+00,1.2876e-30,4.5000e-03
5.2800e+03,4.6000e+02,5.4000e-02,0.0000e+00,0.0000e+00,2.2922e-40,5.4000e-02,4.9161e-40,0.0000e+00,4.9161e-40,0.0000e+00,0.0000e+00,6.2632e-36,4.5000e-03
5.2920e+03,4.6100e+02,5.4000e-02,0.0000e+00,0.0000e+00,4.0644e-47,5.4000e-02,1.3095e-46,0.0000e+00,1.3095e-46,0.0000e+00,0.0000e+00,1.6683e-42,4.5000e-03
5.3040e+03,4.6200e+02,5.4000e-02,0.0000e+00,0.0000e+00,7.3440e-56,5.4000e-02,4.2836e-55,0.0000e+00,4.2836e-55,0.0000e+00,0.0000e+00,5.4574e-51,4.5000e-03
5.3160e+03,4.6300e+02,5.4000e-02,0.0000e+00,0.0000e+00,1.0752e-77,5.4000e-02,2.5288e-70,0.0000e+00,2.5288e-70,0.0000e+00,0.0000e+00,3.2217e-66,4.5000e-03
5.3280e+03,4.6400e+02,5.4000e-02,0.0000e+00,0.0000e+00,0.0000e+00,5.4000e-02,0.0000e+00,0.0000e+00,0.0000e+00,0.0000e+00,0.0000e+00,0.0000e+00,4.5000e-03
5.3400e+03,4.6500e+02,5.4000e-02,0.0000e+00,0.0000e+00,0.0000e+00,5.4000e-02,0.0000e+00,0.0000e+00,0.0000e+00,0.0000e+00,0.0000e+00,0.0000e+00,4.5000e-03
5.3520e+03,4.6600e+02,5.4000e-02,0.0000e+00,0.0000e+00,0.0000e+00,5.4000e-02,0.0000e+00,0.0000e+00,0.0000e+00,0.0000e+00,0.0000e+00,0.0000e+00,4.5000e-03
5.3640e+03,4.6700e+02,5.4000e-02,0.0000e+00,0.0000e+00,0.0000e+00,5.4000e-02,0.0000e+00,0.0000e+00,0.0000e+00,0.0000e+00,0.0000e+00,0.0000e+00,4.5000e-03
5.3760e+03,4.6800e+02,5.4000e-02,0.0000e+00,0.0000e+00,0.0000e+00,5.4000e-02,0.0000e+00,0.0000e+00,0.0000e+00,0.0000e+00,0.0000e+00,0.0000e+00,4.5000e-03
5.3880e+03,4.6900e+02,5.4000e-02,0.0000e+00,0.0000e+00,0.0000e+00,5.4000e-02,0.0000e+00,0.0000e+00,0.0000e+00,0.0000e+00,0.0000e+00,0.0000e+00,4.5000e-03
5.4000e+03,4.7000e+02,5.4000e-02,0.0000e+00,0.0000e+00,0.0000e+00,5.4000e-02,0.0000e+00,0.0000e+00,0.0000e+00,0.0000e+00,0.0000e+00,0.0000e+00,4.5000e-03
5.4120e+03,4.7100e+02,5.4000e-02,0.0000e+00,0.0000e+00,0.0000e+00,5.4000e-02,0.0000e+00,0.0000e+00,0.0000e+00,0.0000e+00,0.0000e+00,0.0000e+00,4.5000e-03
5.4240e+03,4.7200e+02,5.4000e-02,0.0000e+00,0.0000e+00,0.0000e+00,5.4000e-02,0.0000e+00,0.0000e+00,0.0000e+00,0.0000e+00,0.0000e+00,0.0000e+00,4.5000e-03
5.4360e+03,4.7300e+02,5.4000e-02,0.0000e+00,0.0000e+00,0.0000e+00,5.4000e-02,0.0000e+00,0.0000e+00,0.0000e+00,0.0000e+00,0.0000e+00,0.0000e+00,4.5000e-03
5.4480e+03,4.7400e+02,5.4000e-02,0.0000e+00,0.0000e+00,0.0000e+00,5.4000e-02,0.0000e+00,0.0000e+00,0.0000e+00,0.0000e+00,0.0000e+00,0.0000e+00,4.5000e-03
5.4600e+03,4.7500e+02,5.4000e-02,0.0000e+00,0.0000e+00,0.0000e+00,5.4000e-02,0.0000e+00,0.0000e+00,0.0000e+00,0.0000e+00,0.0000e+00,0.0000e+00,4.5000e-03
5.4720e+03,4.7600e+02,5.4000e-02,0.0000e+00,0.0000e+00,0.0000e+00,5.4000e-02,0.0000e+00,0.0000e+00,0.0000e+00,0.0000e+00,0.0000e+00,0.0000e+00,4.5000e-03
5.4840e+03,4.7700e+02,5.4000e-02,0.0000e+00,0.0000e+00,0.0000e+00,5.4000e-02,0.0000e+00,0.0000e+00,0.0000e+00,0.0000e+00,0.0000e+00,0.0000e+00,4.5000e-03
5.4960e+03,4.7800e+02,5.4000e-02,0.0000e+00,0.0000e+00,0.0000e+00,5.4000e-02,0.0000e+00,0.0000e+00,0.0000e+00,0.0000e+00,0.0000e+00,0.0000e+00,4.5000e-03
5.5080e+03,4.7900e+02,5.4000e-02,0.0000e+00,0.0000e+00,0.0000e+00,5.4000e-02,0.0000e+00,0.0000e+00,0.0000e+00,0.0000e+00,0.0000e+00,0.0000e+00,4.5000e-03
5.5200e+03,4.8000e+02,5.4000e-02,0.0000e+00,0.0000e+00,0.0000e+00,5.4000e-02,0.0000e+00,0.0000e+00,0.0000e+00,0.0000e+00,0.0000e+00,0.0000e+00,4.5000e-03
5.5320e+03,4.8100e+02,5.4000e-02,0.0000e+00,0.0000e+00,0.0000e+00,5.4000e-02,0.0000e+00,0.0000e+00,0.0000e+00,0.0000e+00,0.0000e+00,0.0000e+00,4.5000e-03
5.5440e+03,4.8200e+02,5.4000e-02,0.0000e+00,0.0000e+00,0.0000e+00,5.4000e-02,0.0000e+00,0.0000e+00,0.0000e+00,0.0000e+00,0.0000e+00,0.0000e+00,4.5000e-03
5.5560e+03,4.8300e+02,5.4000e-02,0.0000e+00,0.0000e+00,0.0000e+00,5.4000e-02,0.0000e+00,0.0000e+00,0.0000e+00,0.0000e+00,0.0000e+00,0.0000e+00,4.5000e-03
5.5680e+03,4.8400e+02,5.4000e-02,0.0000e+00,0.0000e+00,0.0000e+00,5.4000e-02,0.0000e+00,0.0000e+00,0.0000e+00,0.0000e+00,0.0000e+00,0.0000e+00,4.5000e-03
5.5800e+03,4.8500e+02,5.4000e-02,0.0000e+00,0.0000e+00,0.0000e+00,5.4000e-02,0.0000e+00,0.0000e+00,0.0000e+00,0.0000e+00,0.0000e+00,0.0000e+00,4.5000e-03
5.5920e+03,4.8600e+02,5.4000e-02,0.0000e+00,0.0000e+00,0.0000e+00,5.4000e-02,0.0000e+00,0.0000e+00,0.0000e+00,0.0000e+00,0.0000e+00,0.0000e+00,4.5000e-03
5.6040e+03,4.8700e+02,5.4000e-02,0.0000e+00,0.0000e+00,0.0000e+00,5.4000e-02,0.0000e+00,0.0000e+00,0.0000e+00,0.0000e+00,0.0000e+00,0.0000e+00,4.5000e-03
5.6160e+03,4.8800e+02,5.4000e-02,0.0000e+00,0.0000e+00,0.0000e+00,5.4000e-02,0.0000e+00,0.0000e+00,0.0000e+00,0.0000e+00,0.0000e+00,0.0000e+00,4.5000e-03
5.6280e+03,4.8900e+02,5.4000e-02,0.0000e+00,0.0000e+00,0.0000e+00,5.4000e-02,0.0000e+00,0.0000e+00,0.0000e+00,0.0000e+00,0.0000e+00,0.0000e+00,4.5000e-03
5.6400e+03,4.9000e+02,5.4000e-02,0.0000e+00,0.0000e+00,0.0000e+00,5.4000e-02,0.0000e+00,0.0000e+00,0.0000e+00,0.0000e+00,0.0000e+00,0.0000e+00,4.5000e-03
5.6520e+03,4.9100e+02,5.4000e-02,0.0000e+00,0.0000e+00,0.0000e+00,5.4000e-02,0.0000e+00,0.0000e+00,0.0000e+00,0.0000e+00,0.0000e+00,0.0000e+00,4.5000e-03
5.6640e+03,4.9200e+02,5.4000e-02,0.0000e+00,0.0000e+00,0.0000e+00,5.4000e-02,0.0000e+00,0.0000e+00,0.0000e+00,0.0000e+00,0.0000e+00,0.0000e+00,4.5000e-03
5.6760e+03,4.9300e+02,5.4000e-02,0.0000e+00,0.0000e+00,0.0000e+00,5.4000e-02,0.0000e+00,0.0000e+00,0.0000e+00,0.0000e+00,0.0000e+00,0.0000e+00,4.5000e-03
5.6880e+03,4.9400e+02,5.4000e-02,0.0000e+00,0.0000e+00,0.0000e+00,5.4000e-02,0.0000e+00,0.0000e+00,0.0000e+00,0.0000e+00,0.0000e+00,0.0000e+00,4.5000e-03
5.7000e+03,4.9500e+02,5.4000e-02,0.0000e+00,0.0000e+00,0.0000e+00,5.4000e-02,0.0000e+00,0.0000e+00,0.0000e+00,0.0000e+00,0.0000e+00,0.0000e+00,4.5000e-03
5.7120e+03,4.9600e+02,5.4000e-02,0.0000e+00,0.0000e+00,0.0000e+00,5.4000e-02,0.0000e+00,0.0000e+00,0.0000e+00,0.0000e+00,0.0000e+00,0.0000e+00,4.5000e-03
5.7240e+03,4.9700e+02,5.4000e-02,0.0000e+00,0.0000e+00,0.0000e+00,5.4000e-02,0.0000e+00,0.0000e+00,0.0000e+00,0.0000e+00,0.0000e+00,0.0000e+00,4.5000e-03
5.7360e+03,4.9800e+02,5.4000e-02,0.0000e+00,0.0000e+00,0.0000e+00,5.4000e-02,0.0000e+00,0.0000e+00,0.0000e+00,0.0000e+00,0.0000e+00,0.0000e+00,4.5000e-03
5.7480e+03,4.9900e+02,5.4000e-02,0.0000e+00,0.0000e+00,0.0000e+00,5.4000e-02,0.0000e+00,0.0000e+00,0.0000e+00,0.0000e+00,0.0000e+00,0.0000e+00,4.5000e-03
5.7600e+03,5.0000e+02,5.4000e-02,0.0000e+00,0.0000e+00,0.0000e+00,5.4000e-02,0.0000e+00,0.0000e+00,0.0000e+00,0.0000e+00,0.0000e+00,0.0000e+00,4.5000e-03
5.7720e+03,5.0100e+02,5.4000e-02,0.0000e+00,0.0000e+00,0.0000e+00,5.4000e-02,0.0000e+00,0.0000e+00,0.0000e+00,0.0000e+00,0.0000e+00,0.0000e+00,4.5000e-03
5.7840e+03,5.0200e+02,5.4000e-02,0.0000e+00,0.0000e+00,0.0000e+00,5.4000e-02,0.0000e+00,0.0000e+00,0.0000e+00,0.0000e+00,0.0000e+00,0.0000e+00,4.5000e-03
5.7960e+03,5.0300e+02,5.4000e-02,0.0000e+00,0.0000e+00,0.0000e+00,5.4000e-02,0.0000e+00,0.0000e+00,0.0000e+00,0.0000e+00,0.0000e+00,0.0000e+00,4.5000e-03
5.8080e+03,5.0400e+02,5.4000e-02,0.0000e+00,0.0000e+00,0.0000e+00,5.4000e-02,0.0000e+00,0.0000e+00,0.0000e+00,0.0000e+00,0.0000e+00,0.0000e+00,4.5000e-03
5.8200e+03,5.0500e+02,5.4000e-02,0.0000e+00,0.0000e+00,0.0000e+00,5.4000e-02,0.0000e+00,0.0000e+00,0.0000e+00,0.0000e+00,0.0000e+00,0.0000e+00,4.5000e-03
5.8320e+03,5.0600e+02,5.4000e-02,0.0000e+00,0.0000e+00,0.0000e+00,5.4000e-02,0.0000e+00,0.0000e+00,0.0000e+00,0.0000e+00,0.0000e+00,0.0000e+00,4.5000e-03
5.8440e+03,5.0700e+02,5.4000e-02,0.0000e+00,0.0000e+00,0.0000e+00,5.4000e-02,0.0000e+00,0.0000e+00,0.0000e+00,0.0000e+00,0.0000e+00,0.0000e+00,4.5000e-03
5.8560e+03,5.0800e+02,5.4000e-02,0.0000e+00,0.0000e+00,0.0000e+00,5.4000e-02,0.0000e+00,0.0000e+00,0.0000e+00,0.0000e+00,0.0000e+00,0.0000e+00,4.5000e-03
5.8680e+03,5.0900e+02,5.4000e-02,0.0000e+00,0.0000e+00,0.0000e+00,5.4000e-02,0.0000e+00,0.0000e+00,0.0000e+00,0.0000e+00,0.0000e+00,0.0000e+00,4.5000e-03
5.8800e+03,5.1000e+02,5.4000e-02,0.0000e+00,0.0000e+00,0.0000e+00,5.4000e-02,0.0000e+00,0.0000e+00,0.0000e+00,0.0000e+00,0.0000e+00,0.0000e+00,4.5000e-03
5.8920e+03,5.1100e+02,5.4000e-02,0.0000e+00,0.0000e+00,0.0000e+00,5.4000e-02,0.0000e+00,0.0000e+00,0.0000e+00,0.0000e+00,0.0000e+00,0.0000e+00,4.5000e-03
5.9040e+03,5.1200e+02,5.4000e-02,0.0000e+00,0.0000e+00,0.0000e+00,5.4000e-02,0.0000e+00,0.0000e+00,0.0000e+00,0.0000e+00,0.0000e+00,0.0000e+00,4.5000e-03
5.9160e+03,5.1300e+02,5.4000e-02,0.0000e+00,0.0000e+00,0.0000e+00,5.4000e-02,0.0000e+00,0.0000e+00,0.0000e+00,0.0000e+00,0.0000e+00,0.0000e+00,4.5000e-03
5.9280e+03,5.1400e+02,5.4000e-02,0.0000e+00,0.0000e+00,0.0000e+00,5.4000e-02,0.0000e+00,0.0000e+00,0.0000e+00,0.0000e+00,0.0000e+00,0.0000e+00,4.5000e-03
5.9400e+03,5.1500e+02,5.4000e-02,0.0000e+00,0.0000e+00,0.0000e+00,5.4000e-02,0.0000e+00,0.0000e+00,0.0000e+00,0.0000e+00,0.0000e+00,0.0000e+00,4.5000e-03
5.9520e+03,5.1600e+02,5.4000e-02,0.0000e+00,0.0000e+00,0.0000e+00,5.4000e-02,0.0000e+00,0.0000e+00,0.0000e+00,0.0000e+00,0.0000e+00,0.0000e+00,4.5000e-03
5.9640e+03,5.1700e+02,5.4000e-02,0.0000e+00,0.0000e+00,0.0000e+00,5.4000e-02,0.0000e+00,0.0000e+00,0.0000e+00,0.0000e+00,0.0000e+00,0.0000e+00,4.5000e-03
5.9760e+03,5.1800e+02,5.4000e-02,0.0000e+00,0.0000e+00,0.0000e+00,5.4000e-02,0.0000e+00,0.0000e+00,0.0000e+00,0.0000e+00,0.0000e+00,0.0000e+00,4.5000e-03
5.9880e+03,5.1900e+02,5.4000e-02,0.0000e+00,0.0000e+00,0.0000e+00,5.4000e-02,0.0000e+00,0.0000e+00,0.0000e+00,0.0000e+00,0.0000e+00,0.0000e+00,4.5000e-03
6.0000e+03,5.2000e+02,5.4000e-02,0.0000e+00,0.0000e+00,0.0000e+00,5.4000e-02,0.0000e+00,0.0000e+00,0.0000e+00,0.0000e+00,0.0000e+00,0.0000e+00,4.5000e-03
6.0120e+03,5.2100e+02,5.4000e-02,0.0000e+00,0.0000e+00,0.0000e+00,5.4000e-02,0.0000e+00,0.0000e+00,0.0000e+00,0.0000e+00,0.0000e+00,0.0000e+00,4.5000e-03
6.0240e+03,5.2200e+02,5.4000e-02,0.0000e+00,0.0000e+00,0.0000e+00,5.4000e-02,0.0000e+00,0.0000e+00,0.0000e+00,0.0000e+00,0.0000e+00,0.0000e+00,4.5000e-03
6.0360e+03,5.2300e+02,5.4000e-02,0.0000e+00,0.0000e+00,0.0000e+00,5.4000e-02,0.0000e+00,0.0000e+00,0.0000e+00,0.0000e+00,0.0000e+00,0.0000e+00,4.5000e-03
6.0480e+03,5.2400e+02,5.4000e-02,0.0000e+00,0.0000e+00,0.0000e+00,5.4000e-02,0.0000e+00,0.0000e+00,0.0000e+00,0.0000e+00,0.0000e+00,0.0000e+00,4.5000e-03
6.0600e+03,5.2500e+02,5.4000e-02,0.0000e+00,0.0000e+00,0.0000e+00,5.4000e-02,0.0000e+00,0.0000e+00,0.0000e+00,0.0000e+00,0.0000e+00,0.0000e+00,4.5000e-03
6.0720e+03,5.2600e+02,5.4000e-02,0.0000e+00,0.0000e+00,0.0000e+00,5.4000e-02,0.0000e+00,0.0000e+00,0.0000e+00,0.0000e+00,0.0000e+00,0.0000e+00,4.5000e-03
6.0840e+03,5.2700e+02,5.4000e-02,0.0000e+00,0.0000e+00,0.0000e+00,5.4000e-02,0.0000e+00,0.0000e+00,0.0000e+00,0.0000e+00,0.0000e+00,0.0000e+00,4.5000e-03
