Time1,OH1,TMP1,Time2,OH2,TMP2,Time3,OH3,TMP3,Time4,OH4,TMP4,Time5,OH5,TMP5,Time6,OH6,TMP6,Time7,OH7,TMP7,Time8,OH8,TMP8,Time9,OH9,TMP9,Time10,OH10,TMP10,Time11,OH11,TMP11,Time12,OH12,TMP12
   0.00000,7.984E-26,    626.85,   0.00000,5.716E-26,    726.85,   0.00000,6.907E-26,    826.85,   0.00000,3.827E-25,    926.85,   0.00000,6.144E-26,    626.85,   0.00000,4.456E-26,    726.85,   0.00000,5.568E-26,    826.85,   0.00000,2.831E-25,    926.85,   0.00000,5.161E-26,    626.85,   0.00000,3.790E-26,    726.85,   0.00000,4.886E-26,    826.85,   0.00000,2.373E-25,    926.85
   0.00710,1.268E-13,    626.85,   0.00068,5.903E-13,    726.85,   0.00003,7.011E-13,    826.85,   0.00000,2.741E-12,    926.85,   0.00583,9.914E-14,    626.85,   0.00033,2.639E-13,    726.85,   0.00002,4.464E-13,    826.85,   0.00000,2.756E-12,    926.85,   0.00461,7.395E-14,    626.85,   0.00024,1.836E-13,    726.85,   0.00001,1.998E-13,    826.85,   0.00000,2.121E-12,    926.85
   0.04360,1.068E-12,    626.85,   0.00726,9.716E-12,    726.85,   0.00071,1.935E-11,    826.85,   0.00002,9.585E-12,    926.85,   0.02707,5.971E-13,    626.85,   0.00448,5.294E-12,    726.85,   0.00050,1.305E-11,    826.85,   0.00003,1.118E-11,    926.85,   0.03228,7.552E-13,    626.85,   0.00452,5.482E-12,    726.85,   0.00022,4.841E-12,    826.85,   0.00002,6.941E-12,    926.85
   0.08155,2.413E-12,    626.85,   0.01559,3.028E-11,    726.85,   0.00253,1.125E-10,    826.85,   0.00018,8.189E-11,    926.85,   0.04909,1.290E-12,    626.85,   0.01074,1.843E-11,    726.85,   0.00209,9.244E-11,    826.85,   0.00020,9.447E-11,    926.85,   0.06782,1.851E-12,    626.85,   0.01017,1.740E-11,    726.85,   0.00094,3.025E-11,    826.85,   0.00015,6.950E-11,    926.85
   0.13739,4.214E-12,    626.85,   0.02392,5.470E-11,    726.86,   0.00469,3.001E-10,    826.85,   0.00066,4.405E-10,    926.85,   0.08872,2.557E-12,    626.85,   0.01699,3.433E-11,    726.85,   0.00356,2.068E-10,    826.85,   0.00055,3.732E-10,    926.85,   0.09596,2.480E-12,    626.85,   0.01582,3.008E-11,    726.85,   0.00238,1.182E-10,    826.85,   0.00047,3.199E-10,    926.85
   0.20810,5.507E-12,    626.86,   0.03413,7.599E-11,    726.87,   0.00684,5.185E-10,    826.87,   0.00147,1.550E-09,    926.85,   0.12934,3.403E-12,    626.85,   0.02513,4.935E-11,    726.86,   0.00503,3.276E-10,    826.86,   0.00106,9.930E-10,    926.85,   0.15219,3.066E-12,    626.86,   0.02305,4.019E-11,    726.86,   0.00410,2.465E-10,    826.86,   0.00090,8.185E-10,    926.85
   0.30853,6.462E-12,    626.86,   0.04664,8.846E-11,    726.88,   0.00900,6.873E-10,    826.89,   0.00230,3.116E-09,    926.88,   0.20297,4.088E-12,    626.86,   0.03451,5.700E-11,    726.87,   0.00676,4.349E-10,    826.87,   0.00157,1.743E-09,    926.86,   0.23394,3.414E-12,    626.86,   0.03179,4.489E-11,    726.87,   0.00582,3.388E-10,    826.87,   0.00141,1.474E-09,    926.86
   0.47018,7.599E-12,    626.88,   0.06586,9.963E-11,    726.91,   0.01148,8.053E-10,    826.92,   0.00313,4.542E-09,    926.93,   0.30296,4.563E-12,    626.87,   0.04840,6.182E-11,    726.89,   0.00897,5.091E-10,    826.90,   0.00208,2.436E-09,    926.88,   0.37338,3.799E-12,    626.87,   0.04477,4.772E-11,    726.89,   0.00755,3.854E-10,    826.89,   0.00192,2.008E-09,    926.88
   0.75715,9.682E-12,    626.91,   0.09093,1.142E-10,    726.95,   0.01520,9.167E-10,    826.97,   0.00396,5.592E-09,    927.00,   0.48055,5.234E-12,    626.88,   0.06642,6.699E-11,    726.91,   0.01177,5.571E-10,    826.94,   0.00275,3.095E-09,    926.93,   0.62284,4.418E-12,    626.90,   0.06203,5.096E-11,    726.91,   0.00993,4.159E-10,    826.92,   0.00260,2.460E-09,    926.93
   1.28008,1.454E-11,    626.99,   0.15096,1.555E-10,    727.07,   0.02008,1.048E-09,    827.05,   0.00502,6.604E-09,    927.13,   0.80063,6.489E-12,    626.92,   0.10216,7.819E-11,    726.97,   0.01524,6.034E-10,    826.99,   0.00352,3.589E-09,    927.00,   1.10663,5.771E-12,    626.95,   0.09905,5.853E-11,    726.97,   0.01339,4.460E-10,    826.97,   0.00338,2.762E-09,    927.00
   1.86047,2.244E-11,    627.12,   0.26473,2.684E-10,    727.41,   0.02759,1.274E-09,    827.20,   0.00682,8.160E-09,    927.38,   1.46742,9.826E-12,    627.02,   0.20085,1.163E-10,    727.18,   0.02077,6.801E-10,    827.08,   0.00471,4.126E-09,    927.13,   2.06639,9.473E-12,    627.12,   0.20983,8.599E-11,    727.19,   0.01801,4.868E-10,    827.03,   0.00454,3.083E-09,    927.12
   2.63054,4.038E-11,    627.40,   0.35760,4.172E-10,    727.88,   0.04483,1.946E-09,    827.68,   0.00900,1.031E-08,    927.78,   2.15834,1.485E-11,    627.17,   0.34021,1.966E-10,    727.65,   0.03303,8.756E-10,    827.32,   0.00648,4.859E-09,    927.36,   2.74111,1.330E-11,    627.30,   0.40133,1.589E-10,    727.82,   0.02812,5.851E-10,    827.21,   0.00599,3.459E-09,    927.29
   3.09141,5.885E-11,    627.68,   0.41265,5.471E-10,    728.27,   0.06313,3.024E-09,    828.45,   0.01211,1.430E-08,    928.52,   2.66145,2.006E-11,    627.33,   0.42973,2.747E-10,    728.11,   0.06121,1.509E-09,    828.16,   0.00880,5.930E-09,    927.72,   3.11618,1.609E-11,    627.42,   0.53364,2.416E-10,    728.54,   0.05257,8.864E-10,    827.78,   0.00826,4.097E-09,    927.60
   3.39022,7.652E-11,    627.93,   0.49719,8.557E-10,    729.14,   0.07705,4.279E-09,    829.33,   0.01668,2.341E-08,    930.20,   3.28833,2.954E-11,    627.61,   0.52495,3.967E-10,    728.81,   0.08770,2.503E-09,    829.51,   0.01420,9.278E-09,    928.90,   3.73818,2.221E-11,    627.70,   0.61402,3.142E-10,    729.16,   0.07174,1.210E-09,    828.43,   0.01381,6.093E-09,    928.63
   3.75101,1.081E-10,    628.34,   0.53572,1.070E-09,    729.69,   0.09019,6.082E-09,    830.51,   0.02062,3.745E-08,    932.57,   3.73168,3.942E-11,    627.89,   0.62931,6.116E-10,    729.96,   0.10924,3.872E-09,    831.26,   0.02041,1.560E-08,    931.13,   4.25764,2.943E-11,    628.01,   0.72478,4.606E-10,    730.35,   0.10024,1.918E-09,    829.85,   0.02019,9.514E-09,    930.44
   4.06039,1.508E-10,    628.84,   0.55624,1.215E-09,    730.05,   0.10295,8.907E-09,    832.19,   0.02329,5.421E-08,    935.07,   4.17416,5.360E-11,    628.26,   0.69977,8.448E-10,    731.10,   0.13042,6.266E-09,    834.04,   0.02421,2.192E-08,    933.24,   4.66063,3.703E-11,    628.32,   0.82173,6.650E-10,    731.88,   0.12134,2.737E-09,    831.44,   0.02390,1.241E-08,    931.95
   4.32770,2.092E-10,    629.44,   0.62511,1.961E-09,    731.68,   0.11222,1.226E-08,    833.95,   0.02570,8.068E-08,    938.43,   4.57366,7.243E-11,    628.73,   0.77016,1.215E-09,    732.72,   0.14063,8.166E-09,    836.01,   0.02695,2.862E-08,    935.33,   5.13993,4.953E-11,    628.80,   0.89794,9.185E-10,    733.59,   0.14016,3.846E-09,    833.47,   0.02896,1.821E-08,    934.84
   4.58778,3.036E-10,    630.28,   0.67479,3.012E-09,    733.57,   0.12149,1.789E-08,    836.48,   0.02702,1.048E-07,    941.03,   4.75886,8.413E-11,    629.00,   0.84854,1.970E-09,    735.54,   0.15423,1.230E-08,    839.74,   0.03068,4.315E-08,    939.39,   5.44154,6.027E-11,    629.19,   0.97415,1.330E-09,    736.04,   0.16151,5.932E-09,    836.92,   0.03286,2.521E-08,    938.06
   4.73285,3.868E-10,    630.93,   0.70224,4.022E-09,    735.09,   0.12942,2.679E-08,    839.75,   0.02770,1.223E-07,    942.73,   4.91723,9.624E-11,    629.26,   0.89607,2.831E-09,    738.19,   0.15878,1.442E-08,    841.43,   0.03343,6.190E-08,    943.88,   5.73693,7.397E-11,    629.65,   1.01236,1.643E-09,    737.71,   0.16967,7.148E-09,    838.73,   0.03651,3.554E-08,    942.32
   4.87957,5.124E-10,    631.79,   0.73101,5.830E-09,    737.35,   0.13599,4.161E-08,    843.99,   0.02901,1.731E-07,    946.96,   5.23906,1.294E-10,    629.94,   0.94103,4.350E-09,    742.00,   0.16416,1.774E-08,    843.85,   0.03505,7.955E-08,    947.55,   6.37870,1.227E-10,    631.11,   1.05684,2.171E-09,    740.22,   0.18323,1.014E-08,    842.74,   0.04049,5.573E-08,    949.42
   5.05428,7.691E-10,    633.26,   0.74371,7.105E-09,    738.70,   0.14039,6.189E-08,    848.44,   0.02991,2.334E-07,    951.06,   5.52556,1.741E-10,    630.76,   0.95833,5.321E-09,    744.06,   0.17115,2.433E-08,    848.01,   0.03722,1.195E-07,    954.51,   6.72319,1.693E-10,    632.32,   1.09918,2.965E-09,    743.49,   0.18975,1.230E-08,    845.30,   0.04229,7.134E-08,    954.09
   5.07870,8.210E-10,    633.52,   0.75228,8.260E-09,    739.80,   0.14275,8.143E-08,    851.86,   0.03059,3.089E-07,    955.31,   5.79357,2.396E-10,    631.81,   0.96291,5.639E-09,    744.68,   0.17661,3.286E-08,    852.52,   0.03811,1.467E-07,    958.48,   6.97226,2.212E-10,    633.49,   1.13291,3.992E-09,    747.08,   0.19605,1.514E-08,    848.37,   0.04450,1.026E-07,    962.00
   5.10558,8.850E-10,    633.83,   0.76872,1.165E-08,    742.54,   0.14536,1.207E-07,    857.30,   0.03129,4.451E-07,    961.45,   5.93900,2.916E-10,    632.55,   0.97722,6.869E-09,    746.92,   0.18180,4.702E-08,    858.63,   0.03870,1.712E-07,    961.70,   7.18875,2.884E-10,    634.85,   1.16663,5.760E-09,    752.20,   0.20490,2.138E-08,    854.15,   0.04531,1.200E-07,    965.82
   5.20561,1.211E-09,    635.26,   0.77991,1.567E-08,    745.16,   0.14600,1.358E-07,    859.06,   0.03143,4.858E-07,    963.03,   6.01087,3.238E-10,    632.99,   0.99876,9.844E-09,    751.45,   0.18451,5.934E-08,    863.03,   0.03980,2.414E-07,    969.53,   7.31855,3.450E-10,    635.87,   1.17864,6.732E-09,    754.61,   0.20879,2.559E-08,    857.53,   0.04606,1.415E-07,    970.10
   5.27297,1.557E-09,    636.56,   0.78877,2.098E-08,    748.02,   0.14664,1.545E-07,    861.06,   0.03179,6.326E-07,    968.07,   6.07467,3.573E-10,    633.41,   1.01468,1.386E-08,    756.34,   0.18658,7.312E-08,    867.29,   0.04002,2.608E-07,    971.43,   7.42261,4.038E-10,    636.85,   1.18414,7.274E-09,    755.87,   0.21273,3.147E-08,    861.73,   0.04703,1.805E-07,    976.92
   5.35301,2.234E-09,    638.71,   0.79763,3.056E-08,    752.11,   0.14784,2.061E-07,    865.79,   0.03218,9.035E-07,    975.56,   6.28581,5.169E-10,    635.21,   1.02887,2.074E-08,    762.87,   0.18998,1.137E-07,    877.25,   0.04028,2.891E-07,    974.03,   7.59959,5.482E-10,    638.97,   1.19397,8.449E-09,    758.40,   0.21745,4.228E-08,    868.34,   0.04781,2.281E-07,    984.07
   5.38317,2.622E-09,    639.78,   0.80469,4.566E-08,    757.08,   0.14877,2.725E-07,    870.79,   0.03230,1.027E-06,    978.49,   6.36755,6.109E-10,    636.14,   1.03298,2.395E-08,    765.42,   0.19215,1.683E-07,    887.29,   0.04099,4.014E-07,    982.93,   7.65482,6.107E-10,    639.80,   1.21280,1.190E-08,    764.73,   0.21945,4.899E-08,    871.90,   0.04866,3.119E-07,    994.54
   5.41483,3.162E-09,    641.14,   0.81065,7.286E-08,    763.81,   0.14953,3.613E-07,    876.33,   0.03255,1.414E-06,    986.33,   6.48183,7.968E-10,    637.76,   1.03965,3.153E-08,    770.61,   0.19381,2.547E-07,    899.25,   0.04120,4.501E-07,    986.26,   7.70114,6.726E-10,    640.57,   1.22243,1.476E-08,    769.12,   0.22306,6.721E-08,    880.18,   0.04884,3.366E-07,    997.26
   5.46404,4.447E-09,    643.95,   0.81210,8.406E-08,    766.12,   0.15016,4.819E-07,    882.55,   0.03268,1.760E-06,    992.26,   6.57680,1.033E-09,    639.55,   1.04759,4.848E-08,    779.69,   0.19413,2.809E-07,    902.28,   0.04163,5.897E-07,    994.59,   7.85585,9.761E-10,    643.87,   1.23220,1.917E-08,    774.88,   0.22404,7.436E-08,    883.02,   0.04890,3.455E-07,    998.20
   5.48225,5.147E-09,    645.31,   0.81366,9.976E-08,    769.06,   0.15056,6.025E-07,    887.84,   0.03274,1.945E-06,    995.13,   6.60970,1.143E-09,    640.30,   1.05018,5.800E-08,    783.84,   0.19420,2.871E-07,    902.98,   0.04186,7.024E-07,   1000.37,   7.91851,1.169E-09,    645.67,   1.24147,2.614E-08,    782.37,   0.22419,7.558E-08,    883.48,   0.04939,4.417E-07,   1007.47
   5.49827,5.921E-09,    646.71,   0.81588,1.328E-07,    774.44,   0.15105,8.463E-07,    896.80,   0.03290,2.751E-06,   1006.00,   6.68669,1.492E-09,    642.43,   1.05404,8.034E-08,    792.00,   0.19430,2.975E-07,    904.11,   0.04194,7.543E-07,   1002.81,   7.99996,1.537E-09,    648.64,   1.24539,3.060E-08,    786.46,   0.22591,9.247E-08,    889.44,   0.04967,5.204E-07,   1014.06
   5.53157,8.273E-09,    650.49,   0.81764,1.748E-07,    780.25,   0.15118,9.387E-07,    899.79,   0.03297,3.230E-06,   1011.59,   6.74929,1.931E-09,    644.73,   1.05536,9.193E-08,    795.62,   0.19493,3.741E-07,    911.70,   0.04220,9.572E-07,   1011.37,   8.05244,1.892E-09,    651.13,   1.25250,4.343E-08,    796.27,   0.22778,1.203E-07,    897.77,   0.04996,6.314E-07,   1022.25
   5.54729,9.949E-09,    652.87,   0.81954,2.524E-07,    789.17,   0.15128,1.016E-06,    902.17,   0.03300,3.520E-06,   1014.75,   6.77866,2.217E-09,    646.06,   1.05590,9.750E-08,    797.25,   0.19551,4.870E-07,    921.11,   0.04242,1.234E-06,   1021.19,   8.07278,2.069E-09,    652.26,   1.25326,4.539E-08,    797.58,   0.22916,1.527E-07,    905.95,   0.05021,7.730E-07,   1031.33
   5.57250,1.408E-08,    658.00,   0.81989,2.734E-07,    791.30,   0.15162,1.421E-06,    913.12,   0.03310,4.800E-06,   1027.19,   6.82899,2.912E-09,    648.92,   1.05806,1.278E-07,    805.14,   0.19597,6.266E-07,    930.81,   0.04259,1.574E-06,   1031.37,   8.13632,2.858E-09,    656.67,   1.25518,5.111E-08,    801.19,   0.23018,1.884E-07,    913.60,   0.05026,8.058E-07,   1033.26
   5.58234,1.651E-08,    660.66,   0.82000,2.807E-07,    792.02,   0.15171,1.577E-06,    916.85,   0.03314,5.537E-06,   1033.54,   6.86433,3.657E-09,    651.55,   1.05879,1.420E-07,    808.40,   0.19623,7.439E-07,    937.86,   0.04272,1.979E-06,   1041.65,   8.16215,3.342E-09,    659.00,   1.25852,6.492E-08,    808.86,   0.23083,2.206E-07,    919.67,   0.05046,9.756E-07,   1042.45
   5.58950,1.876E-08,    662.93,   0.82106,3.696E-07,    800.04,   0.15177,1.695E-06,    919.56,   0.03320,6.976E-06,   1044.74,   6.88358,4.211E-09,    653.30,   1.06036,1.851E-07,    817.10,   0.19628,7.706E-07,    939.36,   0.04276,2.132E-06,   1045.16,   8.18833,3.997E-09,    661.84,   1.25898,6.734E-08,    810.08,   0.23159,2.730E-07,    928.31,   0.05052,1.045E-06,   1045.86
   5.60506,2.594E-08,    669.27,   0.82173,4.550E-07,    806.73,   0.15196,2.208E-06,    930.17,   0.03324,8.743E-06,   1056.90,   6.92958,6.339E-09,    658.95,   1.06126,2.219E-07,    823.47,   0.19637,8.245E-07,    942.28,   0.04287,2.722E-06,   1057.29,   8.22527,5.406E-09,    667.04,   1.26105,8.074E-08,    816.34,   0.23233,3.508E-07,    939.16,   0.05057,1.106E-06,   1048.73
   5.60863,2.827E-08,    671.10,   0.82195,4.902E-07,    809.27,   0.15203,2.458E-06,    934.84,   0.03326,9.823E-06,   1063.70,   6.94543,7.545E-09,    661.63,   1.06173,2.463E-07,    827.31,   0.19669,1.089E-06,    954.95,   0.04295,3.328E-06,   1068.01,   8.24792,6.778E-09,    671.29,   1.26300,9.852E-08,    823.59,   0.23241,3.622E-07,    940.59,   0.05073,1.357E-06,   1059.53
   5.61215,3.097E-08,    673.10,   0.82263,6.387E-07,    818.90,   0.15215,2.985E-06,    943.88,   0.03329,1.136E-05,   1072.71,   6.94924,7.894E-09,    662.36,   1.06287,3.336E-07,    839.24,   0.19677,1.174E-06,    958.57,   0.04299,3.704E-06,   1073.99,   8.27427,9.379E-09,    677.99,   1.26340,1.031E-07,    825.29,   0.23244,3.672E-07,    941.22,   0.05086,1.643E-06,   1070.16
   5.62275,4.264E-08,    680.64,   0.82278,6.817E-07,    821.42,   0.15224,3.574E-06,    952.96,   0.03333,1.509E-05,   1092.05,   6.97008,1.043E-08,    667.11,   1.06310,3.576E-07,    842.14,   0.19699,1.517E-06,    971.54,   0.04307,4.956E-06,   1091.42,   8.28792,1.154E-08,    682.65,   1.26513,1.283E-07,    833.86,   0.23280,4.263E-07,    948.13,   0.05102,2.177E-06,   1086.87
   5.62756,5.092E-08,    685.17,   0.82304,7.706E-07,    826.33,   0.15228,3.889E-06,    957.47,   0.03335,1.678E-05,   1099.92,   6.98398,1.305E-08,    671.30,   1.06314,3.632E-07,    842.80,   0.19709,1.713E-06,    978.12,   0.04310,5.453E-06,   1097.51,   8.28906,1.176E-08,    683.09,   1.26675,1.645E-07,    844.28,   0.23326,5.349E-07,    959.21,   0.05105,2.357E-06,   1091.82
   5.63401,6.785E-08,    693.01,   0.82330,8.826E-07,    832.03,   0.15241,5.391E-06,    976.45,   0.03336,1.875E-05,   1108.51,   6.99845,1.729E-08,    677.06,   1.06358,4.217E-07,    849.28,   0.19713,1.834E-06,    981.90,   0.04311,5.691E-06,   1100.30,   8.29683,1.349E-08,    686.37,   1.26793,2.050E-07,    854.17,   0.23371,7.000E-07,    973.29,   0.05107,2.442E-06,   1094.08
   5.63682,7.892E-08,    697.39,   0.82336,9.132E-07,    833.51,   0.15246,6.317E-06,    986.61,   0.03339,2.506E-05,   1132.70,   7.00807,2.171E-08,    682.14,   1.06419,5.370E-07,    860.45,   0.19729,2.373E-06,    997.01,   0.04315,7.037E-06,   1114.73,   8.30998,1.772E-08,    693.32,   1.26901,2.618E-07,    865.89,   0.23383,7.628E-07,    978.01,   0.05116,3.047E-06,   1108.58
   5.63789,8.405E-08,    699.27,   0.82365,1.082E-06,    841.11,   0.15251,7.517E-06,    998.49,   0.03341,3.426E-05,   1161.62,   7.00943,2.250E-08,    682.98,   1.06461,6.567E-07,    870.44,   0.19734,2.607E-06,   1002.84,   0.04319,8.850E-06,   1131.47,   8.31916,2.238E-08,    699.75,   1.26914,2.705E-07,    867.54,   0.23387,7.841E-07,    979.55,   0.05123,3.800E-06,   1123.98
   5.64103,1.033E-07,    705.64,   0.82398,1.367E-06,    852.36,   0.15257,9.308E-06,   1014.17,   0.03343,4.804E-05,   1195.79,   7.01123,2.363E-08,    684.13,   1.06499,8.148E-07,    881.90,   0.19745,3.236E-06,   1016.92,   0.04322,1.082E-05,   1147.21,   8.32562,2.720E-08,    705.50,   1.26919,2.740E-07,    868.19,   0.23400,8.662E-07,    985.21,   0.05130,4.835E-06,   1141.82
   5.64415,1.328E-07,    713.80,   0.82411,1.511E-06,    857.48,   0.15258,9.773E-06,   1017.92,   0.03344,5.877E-05,   1217.40,   7.01675,2.779E-08,    688.11,   1.06528,9.881E-07,    892.83,   0.19754,4.079E-06,   1033.11,   0.04325,1.359E-05,   1166.28,   8.32822,2.972E-08,    708.22,   1.26961,3.075E-07,    874.09,   0.23425,1.089E-06,    998.83,   0.05134,5.873E-06,   1157.07
   5.64483,1.414E-07,    715.91,   0.82441,1.995E-06,    872.54,   0.15263,1.211E-05,   1035.12,   0.03345,6.983E-05,   1236.50,   7.02154,3.263E-08,    692.25,   1.06563,1.308E-06,    909.98,   0.19760,4.978E-06,   1048.01,   0.04327,1.646E-05,   1183.32,   8.33252,3.494E-08,    713.37,   1.27038,3.935E-07,    887.41,   0.23449,1.407E-06,   1015.12,   0.05137,6.917E-06,   1170.50
   5.64592,1.576E-07,    719.66,   0.82447,2.124E-06,    876.13,   0.15267,1.553E-05,   1056.60,   0.03346,8.938E-05,   1264.69,   7.02946,4.494E-08,    701.17,   1.06574,1.452E-06,    916.79,   0.19766,6.216E-06,   1065.72,   0.04329,2.068E-05,   1204.92,   8.33603,4.061E-08,    718.39,   1.27087,4.745E-07,    898.18,   0.23461,1.660E-06,   1026.29,   0.05142,8.985E-06,   1193.14
   5.64768,1.926E-07,    726.82,   0.82450,2.183E-06,    877.74,   0.15270,1.859E-05,   1073.07,   0.03347,1.116E-04,   1290.71,   7.03128,4.904E-08,    703.75,   1.06579,1.517E-06,    919.72,   0.19768,6.528E-06,   1069.78,   0.04330,2.480E-05,   1223.02,   8.33826,4.516E-08,    722.06,   1.27141,6.093E-07,    913.52,   0.23465,1.753E-06,   1030.06,   0.05143,9.904E-06,   1201.93
   5.64770,1.929E-07,    726.88,   0.82467,2.703E-06,    890.68,   0.15273,2.397E-05,   1097.61,   0.03347,1.332E-04,   1311.76,   7.03158,4.978E-08,    704.20,   1.06595,1.824E-06,    932.46,   0.19768,6.734E-06,   1072.39,   0.04331,2.872E-05,   1238.31,   8.34080,5.160E-08,    726.85,   1.27180,7.548E-07,    927.58,   0.23468,1.842E-06,   1033.56,   0.05144,1.067E-05,   1208.77
   5.64809,2.027E-07,    728.70,   0.82484,3.416E-06,    905.96,   0.15275,3.140E-05,   1124.99,   0.03347,1.764E-04,   1345.80,   7.03390,5.628E-08,    707.96,   1.06612,2.250E-06,    947.91,   0.19772,7.728E-06,   1084.22,   0.04333,3.722E-05,   1266.61,   8.34086,5.176E-08,    726.97,   1.27216,9.635E-07,    944.71,   0.23480,2.250E-06,   1048.12,   0.05146,1.244E-05,   1223.31
   5.64950,2.476E-07,    736.26,   0.82500,4.507E-06,    925.61,   0.15276,3.676E-05,   1141.51,   0.03348,2.381E-04,   1382.62,   7.03842,7.466E-08,    717.13,   1.06625,2.740E-06,    963.33,   0.19776,9.673E-06,   1104.45,   0.04334,4.386E-05,   1285.38,   8.34269,5.759E-08,    730.93,   1.27242,1.199E-06,    961.13,   0.23491,2.797E-06,   1064.87,   0.05148,1.508E-05,   1242.28
   5.65111,3.283E-07,    747.53,   0.82503,4.877E-06,    931.52,   0.15278,4.801E-05,   1170.24,   0.03348,3.471E-04,   1429.52,   7.03928,7.946E-08,    719.25,   1.06637,3.471E-06,    983.07,   0.19779,1.214E-05,   1126.17,   0.04334,4.845E-05,   1297.03,   8.34666,7.536E-08,    741.51,   1.27260,1.435E-06,    975.32,   0.23501,3.581E-06,   1085.02,   0.05148,1.600E-05,   1248.29
   5.65204,4.011E-07,    755.98,   0.82506,5.181E-06,    936.16,   0.15279,5.643E-05,   1188.00,   0.03348,5.137E-04,   1479.03,   7.04179,9.726E-08,    726.40,   1.06646,4.234E-06,   1000.69,   0.19782,1.484E-05,   1146.26,   0.04334,5.643E-05,   1315.36,   8.34816,8.498E-08,    746.52,   1.27283,1.896E-06,    998.82,   0.23504,3.850E-06,   1091.17,   0.05149,1.705E-05,   1254.81
   5.65251,4.505E-07,    761.07,   0.82516,6.595E-06,    955.53,   0.15280,7.066E-05,   1213.10,   0.03349,7.761E-04,   1532.18,   7.04197,9.885E-08,    726.99,   1.06652,4.964E-06,   1015.44,   0.19783,1.614E-05,   1154.96,   0.04335,7.650E-05,   1353.34,   8.35005,1.007E-07,    753.91,   1.27293,2.181E-06,   1011.25,   0.23504,3.929E-06,   1092.92,   0.05150,2.068E-05,   1275.18
   5.65305,5.239E-07,    767.89,   0.82521,7.501E-06,    966.43,   0.15281,9.608E-05,   1247.92,   0.03349,1.180E-03,   1587.44,   7.04333,1.123E-07,    731.74,   1.06659,5.974E-06,   1033.32,   0.19784,1.873E-05,   1170.66,   0.04336,1.020E-04,   1390.86,   8.35244,1.302E-07,    765.82,   1.27296,2.281E-06,   1015.32,   0.23507,4.326E-06,   1101.30,   0.05151,2.360E-05,   1289.58
   5.65380,6.715E-07,    779.67,   0.82525,8.447E-06,    976.83,   0.15281,1.310E-04,   1283.54,   0.03349,1.712E-03,   1637.51,   7.04549,1.423E-07,    740.97,   1.06663,6.964E-06,   1048.66,   0.19787,2.416E-05,   1198.60,   0.04336,1.396E-04,   1433.50,   8.35426,1.655E-07,    777.82,   1.27299,2.420E-06,   1020.79,   0.23513,5.254E-06,   1118.77,   0.05152,2.681E-05,   1303.88
   5.65433,8.287E-07,    790.26,   0.82530,1.037E-05,    995.52,   0.15282,1.715E-04,   1314.73,   0.03349,2.317E-03,   1678.22,   7.04718,1.784E-07,    750.37,   1.06668,8.882E-06,   1073.93,   0.19787,2.720E-05,   1212.00,   0.04337,1.828E-04,   1471.27,   8.35582,2.130E-07,    791.45,   1.27311,2.999E-06,   1041.16,   0.23518,6.583E-06,   1140.02,   0.05153,3.344E-05,   1329.45
   5.65483,1.056E-06,    803.19,   0.82533,1.154E-05,   1005.58,   0.15282,2.397E-04,   1353.83,   0.03349,3.032E-03,   1713.64,   7.04856,2.228E-07,    760.22,   1.06672,1.077E-05,   1094.63,   0.19788,3.042E-05,   1224.87,   0.04337,2.114E-04,   1492.08,   8.35678,2.561E-07,    802.16,   1.27315,3.303E-06,   1050.63,   0.23521,7.794E-06,   1156.56,   0.05153,3.928E-05,   1348.75
   5.65520,1.311E-06,    815.54,   0.82537,1.385E-05,   1023.18,   0.15283,3.499E-04,   1398.40,   0.03349,4.012E-03,   1748.23,   7.04901,2.421E-07,    764.04,   1.06674,1.211E-05,   1107.58,   0.19789,3.779E-05,   1250.41,   0.04337,2.633E-04,   1524.04,   8.35763,3.105E-07,    814.07,   1.27323,3.988E-06,   1069.67,   0.23523,8.664E-06,   1167.23,   0.05154,4.627E-05,   1368.95
   5.65544,1.546E-06,    825.44,   0.82541,1.761E-05,   1047.13,   0.15283,5.269E-04,   1447.31,   0.03349,4.856E-03,   1769.41,   7.04963,2.736E-07,    769.86,   1.06675,1.309E-05,   1116.20,   0.19790,4.216E-05,   1263.57,   0.04337,3.752E-04,   1577.04,   8.35830,3.697E-07,    825.55,   1.27327,4.526E-06,   1082.85,   0.23526,1.090E-05,   1191.02,   0.05155,5.929E-05,   1400.66
   5.65574,1.974E-06,    841.07,   0.82542,1.962E-05,   1058.11,   0.15283,7.755E-04,   1494.37,   0.03349,5.715E-03,   1785.18,   7.05068,3.495E-07,    782.11,   1.06678,1.587E-05,   1137.93,   0.19790,5.033E-05,   1285.21,   0.04337,5.006E-04,   1621.52,   8.35866,4.110E-07,    832.85,   1.27330,4.964E-06,   1092.63,   0.23529,1.420E-05,   1219.72,   0.05155,7.278E-05,   1427.84
   5.65581,2.108E-06,    845.47,   0.82544,2.232E-05,   1071.39,   0.15283,1.185E-03,   1547.15,   0.03349,6.426E-03,   1795.00,   7.05144,4.331E-07,    793.61,   1.06679,1.744E-05,   1148.77,   0.19791,6.180E-05,   1310.84,   0.04338,6.480E-04,   1662.44,   8.35904,4.629E-07,    841.40,   1.27335,5.961E-06,   1112.46,   0.23531,1.661E-05,   1237.23,   0.05156,8.896E-05,   1455.30
   5.65583,2.150E-06,    846.81,   0.82546,2.795E-05,   1094.83,   0.15283,1.841E-03,   1602.81,   0.03349,6.906E-03,   1800.50,   7.05215,5.514E-07,    807.49,   1.06679,1.830E-05,   1154.28,   0.19791,6.993E-05,   1326.52,   0.04338,9.040E-04,   1716.83,   8.35978,6.127E-07,    863.03,   1.27339,7.113E-06,   1132.05,   0.23532,1.991E-05,   1257.99,   0.05156,1.138E-04,   1490.19
   5.65593,2.369E-06,    853.54,   0.82548,3.205E-05,   1109.25,   0.15283,2.556E-03,   1643.80,   0.03349,7.292E-03,   1804.61,   7.05269,6.907E-07,    821.43,   1.06681,2.183E-05,   1174.83,   0.19792,8.589E-05,   1353.02,   0.04338,1.296E-03,   1777.85,   8.36014,7.181E-07,    876.25,   1.27342,8.298E-06,   1149.50,   0.23534,2.368E-05,   1278.31,   0.05156,1.566E-04,   1537.27
   5.65616,3.070E-06,    872.55,   0.82549,3.930E-05,   1130.93,   0.15284,3.203E-03,   1670.85,   0.03349,7.591E-03,   1807.93,   7.05302,8.097E-07,    831.93,   1.06682,2.499E-05,   1190.80,   0.19792,1.137E-04,   1389.92,   0.04338,1.902E-03,   1845.21,   8.36021,7.423E-07,    879.10,   1.27345,1.017E-05,   1172.93,   0.23535,2.862E-05,   1301.10,   0.05157,1.956E-04,   1571.35
   5.65627,3.581E-06,    884.63,   0.82550,4.846E-05,   1153.39,   0.15284,3.912E-03,   1693.29,   0.03349,7.820E-03,   1810.85,   7.05335,9.713E-07,    844.68,   1.06682,2.722E-05,   1200.92,   0.19793,1.571E-04,   1433.59,   0.04338,2.482E-03,   1892.97,   8.36058,9.074E-07,    897.09,   1.27347,1.165E-05,   1188.89,   0.23536,3.611E-05,   1329.75,   0.05157,2.532E-04,   1612.42
   5.65639,4.306E-06,    899.89,   0.82551,5.559E-05,   1168.17,   0.15284,4.698E-03,   1711.95,   0.03349,7.999E-03,   1813.60,   7.05356,1.104E-06,    854.19,   1.06684,3.308E-05,   1224.34,   0.19793,2.223E-04,   1481.64,   0.04338,3.317E-03,   1945.28,   8.36084,1.064E-06,    912.19,   1.27349,1.304E-05,   1202.17,   0.23537,4.550E-05,   1359.02,   0.05157,3.340E-04,   1658.24
   5.65645,4.787E-06,    909.04,   0.82552,6.794E-05,   1189.89,   0.15284,5.469E-03,   1725.66,   0.03349,8.144E-03,   1816.29,   7.05368,1.199E-06,    860.51,   1.06684,3.871E-05,   1243.39,   0.19793,2.907E-04,   1519.74,   0.04338,4.017E-03,   1979.25,   8.36101,1.206E-06,    924.53,   1.27350,1.513E-05,   1220.00,   0.23537,5.479E-05,   1383.12,   0.05157,4.145E-04,   1695.31
   5.65654,5.702E-06,    924.75,   0.82553,8.951E-05,   1219.86,   0.15284,6.122E-03,   1734.91,   0.03349,8.264E-03,   1818.98,   7.05396,1.476E-06,    877.37,   1.06685,4.244E-05,   1254.64,   0.19794,3.496E-04,   1546.45,   0.04338,4.586E-03,   2002.14,   8.36118,1.370E-06,    937.62,   1.27351,1.760E-05,   1238.23,   0.23538,7.024E-05,   1416.17,   0.05157,5.403E-04,   1742.47
   5.65663,7.039E-06,    944.58,   0.82554,1.270E-04,   1258.04,   0.15284,6.613E-03,   1741.33,   0.03349,8.369E-03,   1821.68,   7.05419,1.813E-06,    895.36,   1.06685,4.836E-05,   1270.69,   0.19794,4.370E-04,   1579.29,   0.04338,5.617E-03,   2035.35,   8.36132,1.553E-06,    950.77,   1.27352,1.862E-05,   1245.09,   0.23538,8.710E-05,   1445.54,   0.05157,7.387E-04,   1800.57
   5.65670,8.492E-06,    962.90,   0.82554,1.737E-04,   1292.41,   0.15284,6.958E-03,   1746.41,   0.03349,8.507E-03,   1825.76,   7.05439,2.226E-06,    914.67,   1.06686,6.558E-05,   1308.61,   0.19794,5.779E-04,   1621.44,   0.04338,6.257E-03,   2051.78,   8.36147,1.823E-06,    968.23,   1.27353,2.026E-05,   1255.37,   0.23538,1.088E-04,   1476.72,   0.05157,1.007E-03,   1860.76
   5.65677,1.057E-05,    984.79,   0.82555,2.304E-04,   1323.48,   0.15284,7.202E-03,   1751.01,   0.03349,8.631E-03,   1829.89,   7.05456,2.767E-06,    936.51,   1.06687,8.810E-05,   1345.95,   0.19794,8.222E-04,   1676.21,   0.04338,7.010E-03,   2067.75,   8.36160,2.114E-06,    984.77,   1.27354,2.443E-05,   1278.39,   0.23539,1.441E-04,   1517.37,   0.05157,1.271E-03,   1907.76
   5.65681,1.288E-05,   1004.88,   0.82555,3.403E-04,   1366.66,   0.15284,7.386E-03,   1755.49,   0.03349,8.764E-03,   1834.80,   7.05469,3.379E-06,    957.60,   1.06688,1.220E-04,   1387.83,   0.19794,1.176E-03,   1733.85,   0.04338,8.108E-03,   2085.72,   8.36171,2.450E-06,   1001.68,   1.27354,2.656E-05,   1288.78,   0.23539,2.057E-04,   1571.05,   0.05157,1.569E-03,   1951.72
   5.65685,1.520E-05,   1021.83,   0.82555,4.938E-04,   1408.36,   0.15284,7.534E-03,   1759.99,   0.03349,8.921E-03,   1841.13,   7.05480,4.128E-06,    979.55,   1.06688,1.632E-04,   1426.02,   0.19794,1.614E-03,   1786.33,   0.04338,8.924E-03,   2095.70,   8.36181,2.893E-06,   1021.12,   1.27355,3.156E-05,   1310.34,   0.23539,2.924E-04,   1626.82,   0.05157,1.996E-03,   2003.48
   5.65688,1.861E-05,   1042.53,   0.82555,7.104E-04,   1449.72,   0.15284,7.663E-03,   1764.52,   0.03349,9.066E-03,   1847.51,   7.05485,4.648E-06,    992.81,   1.06688,2.262E-04,   1469.70,   0.19794,2.063E-03,   1827.81,   0.04338,9.836E-03,   2104.14,   8.36185,3.101E-06,   1029.33,   1.27356,3.788E-05,   1333.42,   0.23540,3.706E-04,   1666.03,   0.05157,2.400E-03,   2044.14
   5.65691,2.281E-05,   1063.38,   0.82556,1.064E-03,   1496.62,   0.15284,7.779E-03,   1769.11,   0.03350,9.246E-03,   1856.15,   7.05487,4.785E-06,    996.08,   1.06688,3.281E-04,   1520.82,   0.19794,2.658E-03,   1870.99,   0.04338,1.053E-02,   2109.00,   8.36187,3.225E-06,   1034.00,   1.27356,4.370E-05,   1351.71,   0.23540,4.652E-04,   1704.95,   0.05157,2.785E-03,   2077.61
   5.65692,2.639E-05,   1078.34,   0.82556,1.573E-03,   1542.55,   0.15284,7.913E-03,   1774.91,   0.03350,9.443E-03,   1866.72,   7.05487,4.869E-06,    998.06,   1.06689,4.669E-04,   1570.72,   0.19794,3.545E-03,   1919.63,   0.04338,1.084E-02,   2110.85,   8.36193,3.690E-06,   1050.15,   1.27357,5.432E-05,   1379.89,   0.23540,6.155E-04,   1754.69,   0.05158,3.170E-03,   2107.14
   5.65694,3.339E-05,   1102.50,   0.82556,2.203E-03,   1581.95,   0.15284,8.063E-03,   1781.94,   0.03350,9.673E-03,   1881.08,   7.05493,5.588E-06,   1013.69,   1.06689,6.635E-04,   1621.99,   0.19794,4.524E-03,   1959.23,   0.04338,1.134E-02,   2113.49,   8.36199,4.324E-06,   1069.38,   1.27358,6.818E-05,   1409.85,   0.23540,8.492E-04,   1814.25,   0.05158,3.565E-03,   2134.21
   5.65695,3.960E-05,   1120.04,   0.82556,3.125E-03,   1621.07,   0.15284,8.202E-03,   1789.01,   0.03350,9.790E-03,   1889.52,   7.05498,6.636E-06,   1033.37,   1.06689,9.937E-04,   1682.97,   0.19794,5.531E-03,   1989.50,   0.04338,1.197E-02,   2116.48,   8.36203,4.767E-06,   1081.29,   1.27358,7.920E-05,   1429.96,   0.23540,1.108E-03,   1865.50,   0.05158,3.940E-03,   2157.35
   5.65696,4.431E-05,   1131.59,   0.82556,3.896E-03,   1643.71,   0.15284,8.391E-03,   1799.50,   0.03350,9.852E-03,   1894.34,   7.05501,7.343E-06,   1045.04,   1.06689,1.391E-03,   1735.37,   0.19794,6.164E-03,   2004.50,   0.04338,1.247E-02,   2118.95,   8.36207,5.503E-06,   1098.93,   1.27358,1.001E-04,   1462.05,   0.23540,1.471E-03,   1921.97,   0.05158,4.478E-03,   2186.90
   5.65697,5.251E-05,   1149.07,   0.82556,4.418E-03,   1655.60,   0.15284,8.597E-03,   1812.32,   0.03350,1.010E-02,   1918.20,   7.05505,8.840E-06,   1066.54,   1.06689,1.827E-03,   1778.76,   0.19794,6.548E-03,   2012.34,   0.04338,1.282E-02,   2120.95,   8.36212,6.527E-06,   1119.97,   1.27359,1.302E-04,   1498.95,   0.23540,1.923E-03,   1977.21,   0.05158,5.064E-03,   2214.94
   5.65698,6.653E-05,   1173.46,   0.82556,4.908E-03,   1664.91,   0.15284,8.818E-03,   1828.22,   0.03350,1.020E-02,   1930.01,   7.05508,9.849E-06,   1079.12,   1.06689,2.530E-03,   1830.95,   0.19794,7.498E-03,   2028.28,   0.04338,1.316E-02,   2123.56,   8.36216,7.995E-06,   1145.04,   1.27359,1.548E-04,   1523.90,   0.23540,2.495E-03,   2032.63,   0.05158,6.042E-03,   2253.78
   5.65698,7.411E-05,   1184.59,   0.82556,5.489E-03,   1674.50,   0.15285,8.999E-03,   1843.55,   0.03351,1.033E-02,   1954.66,   7.05509,1.053E-05,   1086.95,   1.06689,3.359E-03,   1875.84,   0.19794,8.427E-03,   2039.92,   0.04338,1.343E-02,   2126.23,   8.36219,9.553E-06,   1167.07,   1.27359,1.902E-04,   1554.44,   0.23540,2.819E-03,   2059.06,   0.05158,6.353E-03,   2264.27
   5.65699,9.308E-05,   1208.09,   0.82556,5.835E-03,   1680.05,   0.15285,9.090E-03,   1852.50,   0.03351,1.040E-02,   1977.75,   7.05512,1.252E-05,   1107.15,   1.06689,4.387E-03,   1916.19,   0.19794,9.390E-03,   2048.75,   0.04338,1.363E-02,   2128.97,   8.36222,1.155E-05,   1190.51,   1.27359,2.668E-04,   1606.48,   0.23540,3.045E-03,   2075.87,   0.05158,6.620E-03,   2272.63
   5.65700,1.245E-04,   1238.09,   0.82556,6.089E-03,   1684.52,   0.15285,9.172E-03,   1861.40,   0.03351,1.041E-02,   1990.05,   7.05514,1.500E-05,   1128.34,   1.06689,4.988E-03,   1934.33,   0.19794,1.004E-02,   2053.34,   0.04338,1.378E-02,   2131.75,   8.36223,1.353E-05,   1210.04,   1.27359,3.710E-04,   1659.67,   0.23540,3.434E-03,   2102.16,   0.05158,6.972E-03,   2282.81
   5.65700,1.484E-04,   1256.15,   0.82556,6.286E-03,   1688.61,   0.15285,9.335E-03,   1883.61,   0.03351,1.037E-02,   2025.01,   7.05516,1.794E-05,   1149.41,   1.06689,5.695E-03,   1951.81,   0.19794,1.036E-02,   2055.27,   0.04338,1.396E-02,   2135.86,   8.36224,1.407E-05,   1214.84,   1.27360,5.276E-04,   1719.22,   0.23540,3.925E-03,   2131.42,   0.05158,7.686E-03,   2300.56
   5.65700,2.020E-04,   1288.02,   0.82556,6.443E-03,   1692.55,   0.15285,9.436E-03,   1903.76,   0.03352,1.029E-02,   2047.49,   7.05518,2.198E-05,   1173.37,   1.06689,6.666E-03,   1970.40,   0.19794,1.079E-02,   2057.74,   0.04338,1.410E-02,   2140.12,   8.36224,1.489E-05,   1221.83,   1.27360,7.452E-04,   1780.39,   0.23540,4.379E-03,   2155.23,   0.05158,8.337E-03,   2313.69
   5.65701,2.849E-04,   1323.55,   0.82556,6.573E-03,   1696.45,   0.15286,9.513E-03,   1939.65,   0.03352,1.017E-02,   2071.43,   7.05519,2.536E-05,   1190.30,   1.06689,7.426E-03,   1981.46,   0.19794,1.133E-02,   2060.79,   0.04338,1.424E-02,   2145.65,   8.36226,1.747E-05,   1241.51,   1.27360,1.056E-03,   1844.89,   0.23540,5.145E-03,   2189.49,   0.05158,8.653E-03,   2319.10
   5.65701,3.798E-04,   1353.48,   0.82556,6.684E-03,   1700.36,   0.15286,9.472E-03,   1975.14,   0.03353,1.000E-02,   2096.36,   7.05520,2.979E-05,   1209.37,   1.06689,8.280E-03,   1991.03,   0.19794,1.176E-02,   2063.49,   0.04338,1.438E-02,   2152.09,   8.36226,1.908E-05,   1252.43,   1.27360,1.494E-03,   1911.58,   0.23540,5.612E-03,   2207.25,   0.05158,9.391E-03,   2329.56
   5.65701,5.582E-04,   1393.96,   0.82556,6.783E-03,   1704.29,   0.15286,9.411E-03,   1993.41,   0.03353,9.972E-03,   2100.56,   7.05521,3.689E-05,   1234.85,   1.06689,8.824E-03,   1995.88,   0.19794,1.210E-02,   2066.11,   0.04338,1.454E-02,   2161.46,   8.36227,2.158E-05,   1267.58,   1.27360,1.790E-03,   1947.49,   0.23540,5.921E-03,   2217.81,   0.05158,9.652E-03,   2332.63
   5.65701,8.521E-04,   1439.19,   0.82556,6.911E-03,   1709.96,   0.15287,9.279E-03,   2019.79,   0.03353,9.903E-03,   2109.53,   7.05522,4.112E-05,   1247.82,   1.06689,9.404E-03,   2000.26,   0.19794,1.236E-02,   2068.75,   0.04338,1.471E-02,   2174.33,   8.36229,2.713E-05,   1295.81,   1.27360,2.031E-03,   1972.87,   0.23540,6.493E-03,   2235.10,   0.05158,9.866E-03,   2334.95
   5.65702,1.357E-03,   1489.83,   0.82556,7.034E-03,   1716.00,   0.15287,9.129E-03,   2042.16,   0.03354,9.572E-03,   2146.25,   7.05522,4.576E-05,   1260.60,   1.06689,1.008E-02,   2004.79,   0.19794,1.256E-02,   2071.44,   0.04338,1.479E-02,   2181.27,   8.36229,3.202E-05,   1316.34,   1.27360,2.546E-03,   2019.10,   0.23540,6.782E-03,   2242.80,   0.05158,1.028E-02,   2339.13
   5.65702,1.983E-03,   1530.98,   0.82556,7.157E-03,   1722.55,   0.15287,9.005E-03,   2057.84,   0.03355,9.357E-03,   2166.56,   7.05523,5.686E-05,   1286.75,   1.06689,1.062E-02,   2008.45,   0.19794,1.273E-02,   2074.17,   0.04338,1.486E-02,   2189.18,   8.36230,3.619E-05,   1331.56,   1.27360,3.003E-03,   2053.25,   0.23540,7.112E-03,   2250.78,   0.05158,1.058E-02,   2342.05
   5.65702,2.591E-03,   1559.20,   0.82556,7.319E-03,   1731.79,   0.15288,8.745E-03,   2085.89,   0.03355,9.080E-03,   2189.98,   7.05523,6.424E-05,   1301.50,   1.06689,1.088E-02,   2010.37,   0.19794,1.291E-02,   2078.15,   0.04339,1.498E-02,   2208.27,   8.36231,4.612E-05,   1361.97,   1.27360,3.309E-03,   2073.39,   0.23540,7.600E-03,   2261.11,   0.05158,1.077E-02,   2344.09
   5.65702,3.152E-03,   1578.91,   0.82557,7.469E-03,   1741.08,   0.15289,8.501E-03,   2108.48,   0.03357,8.658E-03,   2221.35,   7.05524,7.792E-05,   1324.98,   1.06689,1.128E-02,   2014.19,   0.19794,1.306E-02,   2082.38,   0.04339,1.501E-02,   2218.34,   8.36231,5.546E-05,   1385.38,   1.27360,3.877E-03,   2106.15,   0.23540,8.330E-03,   2273.61,   0.05158,1.096E-02,   2346.53
   5.65702,3.763E-03,   1595.72,   0.82557,7.674E-03,   1755.12,   0.15289,8.480E-03,   2110.30,   0.03358,8.334E-03,   2242.85,   7.05524,9.905E-05,   1354.44,   1.06689,1.158E-02,   2018.12,   0.19794,1.320E-02,   2087.57,   0.04339,1.504E-02,   2228.18,   8.36231,6.210E-05,   1399.90,   1.27360,4.524E-03,   2137.37,   0.23540,8.628E-03,   2277.84,   0.05158,1.108E-02,   2348.78
   5.65702,4.354E-03,   1608.81,   0.82557,7.914E-03,   1773.85,   0.15289,8.262E-03,   2128.24,   0.03361,7.898E-03,   2269.06,   7.05524,1.169E-04,   1374.93,   1.06689,1.181E-02,   2022.12,   0.19794,1.335E-02,   2093.88,   0.04339,1.505E-02,   2251.98,   8.36232,8.063E-05,   1433.98,   1.27360,5.124E-03,   2161.66,   0.23540,8.918E-03,   2281.56,   0.05158,1.116E-02,   2350.92
   5.65702,4.852E-03,   1618.58,   0.82557,8.017E-03,   1783.03,   0.15291,7.752E-03,   2164.72,   0.03364,7.642E-03,   2283.25,   7.05525,1.607E-04,   1414.99,   1.06689,1.198E-02,   2026.19,   0.19794,1.350E-02,   2102.11,   0.04339,1.505E-02,   2257.55,   8.36232,1.127E-04,   1479.05,   1.27360,5.871E-03,   2186.47,   0.23540,9.391E-03,   2287.04,   0.05158,1.121E-02,   2352.99
   5.65702,5.231E-03,   1626.21,   0.82557,8.062E-03,   1787.29,   0.15292,7.380E-03,   2187.95,   0.03365,7.570E-03,   2287.07,   7.05525,2.292E-04,   1460.52,   1.06689,1.212E-02,   2030.39,   0.19795,1.367E-02,   2113.42,   0.04339,1.502E-02,   2282.44,   8.36233,1.561E-04,   1524.75,   1.27360,6.267E-03,   2197.49,   0.23540,9.650E-03,   2289.99,   0.05158,1.124E-02,   2355.13
   5.65702,5.506E-03,   1632.82,   0.82557,8.240E-03,   1806.09,   0.15295,6.941E-03,   2212.56,   0.03369,7.450E-03,   2293.22,   7.05525,3.069E-04,   1498.87,   1.06689,1.228E-02,   2036.55,   0.19795,1.381E-02,   2125.06,   0.04339,1.497E-02,   2300.61,   8.36233,2.226E-04,   1576.86,   1.27360,6.627E-03,   2206.32,   0.23540,9.928E-03,   2293.58,   0.05158,1.125E-02,   2358.00
   5.65702,5.709E-03,   1639.07,   0.82557,8.424E-03,   1831.37,   0.15297,6.642E-03,   2228.01,   0.03375,7.373E-03,   2296.67,   7.05525,4.130E-04,   1538.78,   1.06689,1.241E-02,   2042.67,   0.19795,1.386E-02,   2130.51,   0.04339,1.495E-02,   2308.17,   8.36233,2.944E-04,   1619.77,   1.27360,7.183E-03,   2218.00,   0.23540,1.011E-02,   2296.97,   0.05158,1.124E-02,   2361.07
   5.65702,5.869E-03,   1645.26,   0.82558,8.551E-03,   1857.64,   0.15300,6.497E-03,   2235.18,   0.03382,7.347E-03,   2297.28,   7.05525,6.105E-04,   1592.81,   1.06689,1.257E-02,   2051.65,   0.19795,1.400E-02,   2147.89,   0.04340,1.481E-02,   2347.64,   8.36233,3.921E-04,   1665.57,   1.27360,7.657E-03,   2226.27,   0.23540,1.022E-02,   2300.11,   0.05158,1.122E-02,   2365.02
   5.65702,6.004E-03,   1651.48,   0.82558,8.612E-03,   1882.16,   0.15304,6.345E-03,   2242.37,   0.03391,7.331E-03,   2297.03,   7.05525,7.887E-04,   1629.16,   1.06689,1.274E-02,   2063.27,   0.19795,1.406E-02,   2159.96,   0.04340,1.473E-02,   2363.63,   8.36233,5.417E-04,   1719.31,   1.27360,7.986E-03,   2231.25,   0.23540,1.027E-02,   2303.08,   0.05158,1.116E-02,   2371.07
   5.65702,6.124E-03,   1657.77,   0.82558,8.619E-03,   1888.95,   0.15309,6.275E-03,   2245.45,   0.03408,7.311E-03,   2296.29,   7.05526,1.137E-03,   1682.43,   1.06689,1.289E-02,   2076.02,   0.19795,1.411E-02,   2173.39,   0.04340,1.458E-02,   2393.15,   8.36234,6.827E-04,   1759.12,   1.27360,8.422E-03,   2237.19,   0.23540,1.029E-02,   2305.93,   0.05158,1.109E-02,   2378.38
   5.65702,6.235E-03,   1664.12,   0.82558,8.618E-03,   1906.42,   0.15316,6.245E-03,   2246.42,   0.03458,7.255E-03,   2294.17,   7.05526,1.634E-03,   1736.44,   1.06689,1.293E-02,   2080.07,   0.19795,1.415E-02,   2194.64,   0.04341,1.441E-02,   2420.17,   8.36234,9.022E-04,   1808.46,   1.27360,8.669E-03,   2240.43,   0.23540,1.029E-02,   2308.65,   0.05158,1.101E-02,   2385.03
   5.65702,6.365E-03,   1672.14,   0.82558,8.567E-03,   1932.70,   0.15326,6.233E-03,   2246.38,   0.03533,7.179E-03,   2291.33,   7.05526,2.213E-03,   1782.17,   1.06690,1.307E-02,   2096.15,   0.19795,1.415E-02,   2205.06,   0.04341,1.436E-02,   2427.87,   8.36234,1.111E-03,   1846.29,   1.27360,8.775E-03,   2241.86,   0.23540,1.027E-02,   2312.49,   0.05158,1.092E-02,   2393.32
   5.65702,6.510E-03,   1681.85,   0.82558,8.534E-03,   1942.23,   0.15340,6.222E-03,   2245.98,   0.03544,7.169E-03,   2290.94,   7.05526,3.160E-03,   1835.11,   1.06690,1.318E-02,   2116.94,   0.19795,1.413E-02,   2226.95,   0.04342,1.404E-02,   2470.15,   8.36234,1.380E-03,   1886.55,   1.27360,8.974E-03,   2244.85,   0.23541,1.023E-02,   2317.16,   0.05158,1.083E-02,   2401.89
   5.65702,6.673E-03,   1693.56,   0.82559,8.440E-03,   1962.46,   0.15373,6.199E-03,   2245.00,   0.03636,7.092E-03,   2288.00,   7.05526,4.216E-03,   1875.68,   1.06690,1.322E-02,   2125.46,   0.19796,1.407E-02,   2256.21,   0.04342,1.402E-02,   2473.53,   8.36234,1.871E-03,   1944.37,   1.27360,9.143E-03,   2248.10,   0.23541,1.016E-02,   2323.75,   0.05159,1.072E-02,   2410.93
   5.65703,6.858E-03,   1708.18,   0.82559,8.272E-03,   1988.52,   0.15492,6.125E-03,   2241.77,   0.03801,6.985E-03,   2283.88,   7.05526,5.515E-03,   1909.46,   1.06690,1.327E-02,   2152.50,   0.19796,1.404E-02,   2266.66,   0.04343,1.386E-02,   2491.08,   8.36234,2.226E-03,   1978.11,   1.27360,9.246E-03,   2251.09,   0.23541,1.005E-02,   2333.81,   0.05159,1.059E-02,   2422.17
   5.65703,7.071E-03,   1727.15,   0.82559,8.209E-03,   1996.68,   0.15612,6.061E-03,   2238.95,   0.03951,6.915E-03,   2281.20,   7.05526,6.440E-03,   1926.20,   1.06690,1.327E-02,   2164.22,   0.19796,1.398E-02,   2283.62,   0.04344,1.359E-02,   2519.67,   8.36234,2.460E-03,   1997.66,   1.27360,9.304E-03,   2253.92,   0.23541,9.944E-03,   2343.32,   0.05159,1.041E-02,   2436.37
   5.65703,7.119E-03,   1731.86,   0.82560,8.003E-03,   2019.99,   0.15794,5.981E-03,   2235.40,   0.04289,6.822E-03,   2277.57,   7.05526,7.472E-03,   1939.80,   1.06690,1.327E-02,   2173.20,   0.19796,1.372E-02,   2337.59,   0.04345,1.342E-02,   2536.24,   8.36234,2.840E-03,   2025.87,   1.27360,9.332E-03,   2256.63,   0.23541,9.841E-03,   2352.09,   0.05160,1.015E-02,   2455.01
   5.65703,7.173E-03,   1737.35,   0.82560,7.748E-03,   2044.28,   0.16066,5.893E-03,   2231.49,   0.04595,6.781E-03,   2275.96,   7.05526,8.204E-03,   1947.07,   1.06690,1.322E-02,   2202.87,   0.19797,1.358E-02,   2360.53,   0.04347,1.319E-02,   2554.85,   8.36234,3.217E-03,   2050.34,   1.27360,9.340E-03,   2259.25,   0.23541,9.722E-03,   2361.91,   0.05161,9.625E-03,   2490.31
   5.65703,7.376E-03,   1760.89,   0.82561,7.634E-03,   2054.06,   0.16103,5.883E-03,   2231.07,   0.04967,6.758E-03,   2275.02,   7.05526,8.976E-03,   1953.41,   1.06690,1.316E-02,   2221.80,   0.19797,1.353E-02,   2368.46,   0.04348,1.312E-02,   2559.27,   8.36234,3.557E-03,   2069.90,   1.27360,9.332E-03,   2262.70,   0.23541,9.578E-03,   2373.32,   0.05162,9.247E-03,   2512.90
   5.65703,7.477E-03,   1775.12,   0.82562,7.270E-03,   2082.00,   0.16260,5.848E-03,   2229.50,   0.05722,6.743E-03,   2274.43,   7.05526,9.556E-03,   1957.90,   1.06691,1.308E-02,   2244.46,   0.19798,1.318E-02,   2416.86,   0.04349,1.311E-02,   2559.95,   8.36234,4.057E-03,   2095.12,   1.27360,9.310E-03,   2266.28,   0.23542,9.395E-03,   2387.14,   0.05162,9.144E-03,   2518.76
   5.65703,7.607E-03,   1798.44,   0.82563,6.872E-03,   2108.43,   0.16810,5.773E-03,   2226.12,   0.06664,6.740E-03,   2274.31,   7.05526,9.831E-03,   1960.16,   1.06691,1.284E-02,   2291.86,   0.19798,1.300E-02,   2437.47,   0.04351,1.304E-02,   2562.49,   8.36234,4.583E-03,   2117.76,   1.27360,9.264E-03,   2271.33,   0.23542,9.154E-03,   2404.23,   0.05164,8.676E-03,   2543.45
   5.65704,7.712E-03,   1831.58,   0.82564,6.506E-03,   2129.96,   0.16988,5.760E-03,   2225.48,   0.08064,6.739E-03,   2274.29,   7.05526,1.015E-02,   1963.16,   1.06691,1.276E-02,   2306.26,   0.19799,1.286E-02,   2453.85,   0.04355,1.296E-02,   2563.22,   8.36234,4.944E-03,   2131.29,   1.27360,9.191E-03,   2278.17,   0.23543,8.795E-03,   2427.91,   0.05165,8.496E-03,   2552.04
   5.65704,7.727E-03,   1860.88,   0.82567,5.961E-03,   2158.45,   0.17714,5.729E-03,   2224.10,   0.10814,6.739E-03,   2274.29,   7.05526,1.045E-02,   1966.61,   1.06692,1.248E-02,   2346.47,   0.19800,1.253E-02,   2487.20,   0.04361,1.286E-02,   2562.10,   8.36234,5.599E-03,   2152.14,   1.27361,9.077E-03,   2287.91,   0.23544,8.124E-03,   2467.15,   0.05168,8.281E-03,   2561.35
   5.65704,7.679E-03,   1886.63,   0.82569,5.679E-03,   2171.83,   0.18877,5.716E-03,   2223.51,   0.13475,6.739E-03,   2274.29,   7.05526,1.069E-02,   1970.09,   1.06692,1.226E-02,   2374.62,   0.19800,1.250E-02,   2490.16,   0.04371,1.273E-02,   2559.99,   8.36234,6.112E-03,   2165.55,   1.27361,8.971E-03,   2296.71,   0.23545,7.746E-03,   2486.91,   0.05172,8.116E-03,   2566.54
   5.65704,7.628E-03,   1900.65,   0.82570,5.596E-03,   2175.59,   0.20303,5.714E-03,   2223.39,   0.13994,6.739E-03,   2274.29,   7.05526,1.087E-02,   1973.62,   1.06693,1.208E-02,   2395.09,   0.19800,1.241E-02,   2498.23,   0.04381,1.261E-02,   2558.08,   8.36234,6.508E-03,   2174.34,   1.27361,8.836E-03,   2307.59,   0.23546,7.694E-03,   2489.52,   0.05177,8.048E-03,   2567.07
   5.65705,7.517E-03,   1922.19,   0.82573,5.416E-03,   2183.64,   0.22447,5.713E-03,   2223.38,   0.14514,6.739E-03,   2274.29,   7.05526,1.102E-02,   1977.19,   1.06694,1.175E-02,   2430.38,   0.19802,1.217E-02,   2519.25,   0.04386,1.256E-02,   2557.30,   8.36234,6.882E-03,   2181.58,   1.27361,8.692E-03,   2318.66,   0.23547,7.377E-03,   2504.77,   0.05180,8.015E-03,   2566.74
   5.65705,7.250E-03,   1957.45,   0.82577,5.283E-03,   2189.31,   0.25312,5.713E-03,   2223.38,   0.15034,6.739E-03,   2274.29,   7.05526,1.120E-02,   1982.45,   1.06694,1.173E-02,   2432.44,   0.19803,1.207E-02,   2526.98,   0.04412,1.236E-02,   2554.15,   8.36234,7.093E-03,   2185.28,   1.27361,8.535E-03,   2330.34,   0.23550,7.066E-03,   2518.52,   0.05189,7.943E-03,   2565.25
   5.65706,7.169E-03,   1966.15,   0.82583,5.222E-03,   2191.77,   0.25649,5.713E-03,   2223.38,   0.15554,6.739E-03,   2274.29,   7.05526,1.134E-02,   1987.91,   1.06694,1.163E-02,   2442.33,   0.19806,1.195E-02,   2534.29,   0.04447,1.221E-02,   2551.70,   8.36234,7.520E-03,   2192.12,   1.27361,8.339E-03,   2344.16,   0.23550,7.031E-03,   2519.97,   0.05204,7.855E-03,   2563.13
   5.65706,6.999E-03,   1982.51,   0.82590,5.202E-03,   2192.36,   0.25986,5.713E-03,   2223.38,   0.16338,6.739E-03,   2274.29,   7.05526,1.149E-02,   1994.76,   1.06695,1.137E-02,   2466.36,   0.19810,1.187E-02,   2536.49,   0.04473,1.215E-02,   2550.75,   8.36234,7.843E-03,   2197.13,   1.27362,8.082E-03,   2361.22,   0.23552,6.896E-03,   2525.19,   0.05239,7.730E-03,   2560.04
   5.65707,6.596E-03,   2015.08,   0.82601,5.194E-03,   2192.33,   0.26324,5.713E-03,   2223.38,   0.17122,6.739E-03,   2274.29,   7.05526,1.163E-02,   2002.93,   1.06696,1.113E-02,   2486.12,   0.19815,1.179E-02,   2536.03,   0.04539,1.209E-02,   2549.78,   8.36234,7.970E-03,   2199.24,   1.27362,7.740E-03,   2382.38,   0.23557,6.777E-03,   2528.65,   0.05276,7.673E-03,   2558.58
   5.65707,6.379E-03,   2030.23,   0.82618,5.188E-03,   2192.03,   0.26661,5.713E-03,   2223.38,   0.17906,6.739E-03,   2274.29,   7.05526,1.180E-02,   2014.06,   1.06699,1.094E-02,   2501.22,   0.19823,1.170E-02,   2534.51,   0.04614,1.208E-02,   2549.53,   8.36234,8.187E-03,   2203.63,   1.27364,7.162E-03,   2414.74,   0.23562,6.720E-03,   2529.02,   0.05310,7.652E-03,   2558.06
   5.65708,6.152E-03,   2044.71,   0.82655,5.174E-03,   2191.33,   0.26999,5.713E-03,   2223.38,   0.18690,6.739E-03,   2274.29,   7.05526,1.198E-02,   2029.51,   1.06701,1.084E-02,   2507.20,   0.19831,1.161E-02,   2532.96,   0.04724,1.208E-02,   2549.47,   8.36234,8.311E-03,   2207.49,   1.27364,6.857E-03,   2430.38,   0.23570,6.673E-03,   2528.15,   0.05363,7.641E-03,   2557.78
   5.65709,5.682E-03,   2071.46,   0.82834,5.112E-03,   2188.21,   0.27336,5.713E-03,   2223.38,   0.20153,6.739E-03,   2274.29,   7.05526,1.207E-02,   2038.77,   1.06702,1.081E-02,   2508.34,   0.19845,1.149E-02,   2530.88,   0.04896,1.207E-02,   2549.47,   8.36234,8.372E-03,   2211.08,   1.27364,6.822E-03,   2432.08,   0.23583,6.614E-03,   2526.51,   0.05443,7.638E-03,   2557.70
   5.65711,5.349E-03,   2088.33,   0.83141,5.026E-03,   2183.74,   0.28142,5.713E-03,   2223.38,   0.21616,6.739E-03,   2274.29,   7.05526,1.220E-02,   2054.92,   1.06705,1.076E-02,   2509.35,   0.19876,1.128E-02,   2527.29,   0.05347,1.207E-02,   2549.47,   8.36234,8.395E-03,   2214.49,   1.27366,6.480E-03,   2448.48,   0.23602,6.549E-03,   2524.64,   0.05566,7.638E-03,   2557.69
   5.65712,5.059E-03,   2101.82,   0.83382,4.972E-03,   2180.95,   0.28709,5.713E-03,   2223.38,   0.23079,6.739E-03,   2274.29,   7.05526,1.232E-02,   2075.74,   1.06711,1.069E-02,   2508.82,   0.19882,1.125E-02,   2526.80,   0.08176,1.207E-02,   2549.47,   8.36234,8.394E-03,   2217.75,   1.27367,6.134E-03,   2463.99,   0.23650,6.453E-03,   2521.84,   0.05858,7.638E-03,   2557.69
   5.65714,4.791E-03,   2113.51,   0.83398,4.968E-03,   2180.78,   0.29275,5.713E-03,   2223.38,   0.24542,6.739E-03,   2274.29,   7.05526,1.233E-02,   2079.53,   1.06721,1.060E-02,   2507.22,   0.19894,1.120E-02,   2525.96,   0.14645,1.207E-02,   2549.47,   8.36234,8.379E-03,   2220.87,   1.27369,5.881E-03,   2474.59,   0.23698,6.416E-03,   2520.73,   0.08997,7.638E-03,   2557.69
   5.65716,4.648E-03,   2119.50,   0.83522,4.945E-03,   2179.57,   0.29842,5.713E-03,   2223.38,   0.28595,6.739E-03,   2274.29,   7.05526,1.238E-02,   2094.76,   1.06739,1.046E-02,   2504.49,   0.19952,1.107E-02,   2523.61,   0.42851,1.207E-02,   2549.47,   8.36234,8.344E-03,   2225.33,   1.27372,5.657E-03,   2483.28,   0.23737,6.404E-03,   2520.37,   0.16874,7.638E-03,   2557.69
   5.65719,4.469E-03,   2126.72,   0.84213,4.855E-03,   2174.81,   0.30409,5.713E-03,   2223.38,   0.32648,6.739E-03,   2274.29,   7.05527,1.241E-02,   2113.86,   1.06752,1.037E-02,   2502.90,   0.20019,1.102E-02,   2522.73,   2.40666,1.207E-02,   2549.47,   8.36234,8.291E-03,   2230.47,   1.27376,5.553E-03,   2486.70,   0.23823,6.396E-03,   2520.13,   0.46525,7.638E-03,   2557.69
   5.65722,4.352E-03,   2131.30,   0.84465,4.834E-03,   2173.70,   0.30975,5.713E-03,   2223.38,   0.36702,6.739E-03,   2274.29,   7.05527,1.241E-02,   2136.07,   1.06761,1.032E-02,   2501.93,   0.20116,1.100E-02,   2522.43,  22.18815,1.207E-02,   2549.47,   8.36234,8.208E-03,   2237.50,   1.27382,5.486E-03,   2487.97,   0.23964,6.395E-03,   2520.09,   3.43031,7.638E-03,   2557.69
   5.65726,4.288E-03,   2133.75,   0.85158,4.796E-03,   2171.70,   0.31542,5.713E-03,   2223.38,   0.40755,6.739E-03,   2274.29,   7.05527,1.234E-02,   2172.71,   1.06806,1.014E-02,   2498.49,   0.20240,1.100E-02,   2522.38,       nan,NAN,       nan,   8.36234,8.074E-03,   2248.26,   1.27389,5.453E-03,   2487.57,   0.24165,6.395E-03,   2520.09,  33.08087,7.638E-03,   2557.69
   5.65733,4.254E-03,   2134.97,   0.86143,4.771E-03,   2170.38,   0.32109,5.713E-03,   2223.38,   0.58572,6.739E-03,   2274.29,   7.05527,1.230E-02,   2182.98,   1.06829,1.008E-02,   2497.42,   0.20432,1.100E-02,   2522.38,       nan,NAN,       nan,   8.36235,7.931E-03,   2259.21,   1.27400,5.420E-03,   2486.55,   0.25103,6.395E-03,   2520.09,       nan,NAN,       nan
   5.65741,4.243E-03,   2135.23,   0.87085,4.762E-03,   2169.86,   0.33043,5.713E-03,   2223.38,   0.85390,6.739E-03,   2274.29,   7.05527,1.226E-02,   2195.67,   1.06869,1.002E-02,   2496.29,   0.20917,1.100E-02,   2522.38,       nan,NAN,       nan,   8.36235,7.796E-03,   2269.15,   1.27421,5.368E-03,   2484.79,   0.46291,6.395E-03,   2520.09,       nan,NAN,       nan
   5.65753,4.239E-03,   2135.16,   0.88883,4.756E-03,   2169.56,   0.33977,5.713E-03,   2223.38,   1.12208,6.739E-03,   2274.29,   7.05527,1.214E-02,   2221.14,   1.06970,9.968E-03,   2495.27,   0.23978,1.100E-02,   2522.38,       nan,NAN,       nan,   8.36235,7.612E-03,   2282.25,   1.27464,5.298E-03,   2482.33,   1.79814,6.395E-03,   2520.09,       nan,NAN,       nan
   5.65774,4.235E-03,   2134.93,   0.91472,4.755E-03,   2169.50,   0.34911,5.713E-03,   2223.38,   3.80390,6.739E-03,   2274.29,   7.05527,1.206E-02,   2236.62,   1.07074,9.957E-03,   2495.06,   0.30002,1.100E-02,   2522.38,       nan,NAN,       nan,   8.36235,7.431E-03,   2294.47,   1.27506,5.261E-03,   2481.00,  15.15046,6.395E-03,   2520.09,       nan,NAN,       nan
   5.65840,4.223E-03,   2134.20,   0.92645,4.755E-03,   2169.50,   0.35845,5.713E-03,   2223.38,  30.62210,6.739E-03,   2274.29,   7.05528,1.181E-02,   2276.98,   1.07213,9.955E-03,   2495.01,   0.36730,1.100E-02,   2522.38,       nan,NAN,       nan,   8.36236,7.194E-03,   2309.72,   1.27597,5.232E-03,   2479.94,       nan,NAN,       nan,       nan,NAN,       nan
   5.66326,4.143E-03,   2129.37,   0.92854,4.755E-03,   2169.50,   0.36779,5.713E-03,   2223.38,       nan,NAN,       nan,   7.05528,1.162E-02,   2303.85,   1.07443,9.954E-03,   2495.01,   0.49412,1.100E-02,   2522.38,       nan,NAN,       nan,   8.36236,6.913E-03,   2326.66,   1.27703,5.225E-03,   2479.69,       nan,NAN,       nan,       nan,NAN,       nan
   5.66515,4.117E-03,   2127.77,   0.93063,4.755E-03,   2169.50,   0.37713,5.713E-03,   2223.38,       nan,NAN,       nan,   7.05528,1.147E-02,   2322.79,   1.08064,9.954E-03,   2495.01,   0.68443,1.100E-02,   2522.38,       nan,NAN,       nan,   8.36236,6.589E-03,   2344.94,   1.27840,5.223E-03,   2479.65,       nan,NAN,       nan,       nan,NAN,       nan
   5.66534,4.114E-03,   2127.61,   0.93272,4.755E-03,   2169.50,   0.38647,5.713E-03,   2223.38,       nan,NAN,       nan,   7.05529,1.111E-02,   2363.31,   1.11628,9.954E-03,   2495.01,   1.38532,1.100E-02,   2522.38,       nan,NAN,       nan,   8.36237,6.095E-03,   2370.58,   1.28050,5.223E-03,   2479.64,       nan,NAN,       nan,       nan,NAN,       nan
   5.66916,4.069E-03,   2124.82,   0.93481,4.755E-03,   2169.50,   0.39581,5.713E-03,   2223.38,       nan,NAN,       nan,   7.05529,1.107E-02,   2367.12,   1.17038,9.954E-03,   2495.01,   3.28013,1.100E-02,   2522.38,       nan,NAN,       nan,   8.36238,5.700E-03,   2389.46,   1.28632,5.223E-03,   2479.64,       nan,NAN,       nan,       nan,NAN,       nan
   5.67615,4.007E-03,   2120.96,   0.93690,4.755E-03,   2169.50,   0.40515,5.713E-03,   2223.38,       nan,NAN,       nan,   7.05529,1.098E-02,   2376.30,   1.18120,9.954E-03,   2495.01,  22.22826,1.100E-02,   2522.38,       nan,NAN,       nan,   8.36239,5.633E-03,   2392.53,   1.39703,5.223E-03,   2479.64,       nan,NAN,       nan,       nan,NAN,       nan
   5.68446,3.959E-03,   2117.94,   0.93899,4.755E-03,   2169.50,   0.41449,5.713E-03,   2223.38,       nan,NAN,       nan,   7.05530,1.070E-02,   2404.05,   1.19201,9.954E-03,   2495.01,       nan,NAN,       nan,       nan,NAN,       nan,   8.36239,5.411E-03,   2402.43,   1.44297,5.223E-03,   2479.64,       nan,NAN,       nan,       nan,NAN,       nan
   5.69591,3.921E-03,   2115.53,   0.94109,4.755E-03,   2169.50,   0.42383,5.713E-03,   2223.38,       nan,NAN,       nan,   7.05531,1.040E-02,   2430.70,   1.20283,9.954E-03,   2495.01,       nan,NAN,       nan,       nan,NAN,       nan,   8.36241,5.026E-03,   2418.77,   1.48890,5.223E-03,   2479.64,       nan,NAN,       nan,       nan,NAN,       nan
   5.70489,3.904E-03,   2114.47,   0.94318,4.755E-03,   2169.50,   0.43832,5.713E-03,   2223.38,       nan,NAN,       nan,   7.05533,1.008E-02,   2457.66,   1.21365,9.954E-03,   2495.01,       nan,NAN,       nan,       nan,NAN,       nan,   8.36242,4.928E-03,   2422.71,   1.53483,5.223E-03,   2479.64,       nan,NAN,       nan,       nan,NAN,       nan
   5.72513,3.887E-03,   2113.39,   0.94527,4.755E-03,   2169.50,   0.45281,5.713E-03,   2223.38,       nan,NAN,       nan,   7.05533,1.004E-02,   2460.64,   1.23490,9.954E-03,   2495.01,       nan,NAN,       nan,       nan,NAN,       nan,   8.36244,4.642E-03,   2433.85,   1.82701,5.223E-03,   2479.64,       nan,NAN,       nan,       nan,NAN,       nan
   5.75836,3.880E-03,   2112.96,   0.94736,4.755E-03,   2169.50,   0.46730,5.713E-03,   2223.38,       nan,NAN,       nan,   7.05533,1.003E-02,   2461.39,   1.26925,9.954E-03,   2495.01,       nan,NAN,       nan,       nan,NAN,       nan,   8.36247,4.478E-03,   2439.78,   2.45455,5.223E-03,   2479.64,       nan,NAN,       nan,       nan,NAN,       nan
   5.76029,3.880E-03,   2112.95,   0.94945,4.755E-03,   2169.50,   0.48179,5.713E-03,   2223.38,       nan,NAN,       nan,   7.05534,9.923E-03,   2469.68,   1.30360,9.954E-03,   2495.01,       nan,NAN,       nan,       nan,NAN,       nan,   8.36251,4.394E-03,   2442.49,   3.44659,5.223E-03,   2479.64,       nan,NAN,       nan,       nan,NAN,       nan
   5.76221,3.880E-03,   2112.95,   0.95154,4.755E-03,   2169.50,   0.49627,5.713E-03,   2223.38,       nan,NAN,       nan,   7.05537,9.781E-03,   2479.12,   1.33796,9.954E-03,   2495.01,       nan,NAN,       nan,       nan,NAN,       nan,   8.36258,4.339E-03,   2443.65,   6.74309,5.223E-03,   2479.64,       nan,NAN,       nan,       nan,NAN,       nan
   5.76414,3.880E-03,   2112.94,   0.95485,4.755E-03,   2169.50,   0.54118,5.713E-03,   2223.38,       nan,NAN,       nan,   7.05541,9.707E-03,   2481.93,   1.37231,9.954E-03,   2495.01,       nan,NAN,       nan,       nan,NAN,       nan,   8.36265,4.317E-03,   2443.40,  15.23198,5.223E-03,   2479.64,       nan,NAN,       nan,       nan,NAN,       nan
   5.76606,3.880E-03,   2112.93,   0.95816,4.755E-03,   2169.50,   0.58609,5.713E-03,   2223.38,       nan,NAN,       nan,   7.05546,9.658E-03,   2481.87,   1.49744,9.954E-03,   2495.01,       nan,NAN,       nan,       nan,NAN,       nan,   8.36277,4.297E-03,   2442.65,       nan,NAN,       nan,       nan,NAN,       nan,       nan,NAN,       nan
   5.76799,3.880E-03,   2112.93,   0.96147,4.755E-03,   2169.50,   0.63100,5.713E-03,   2223.38,       nan,NAN,       nan,   7.05554,9.598E-03,   2480.77,   1.69635,9.954E-03,   2495.01,       nan,NAN,       nan,       nan,NAN,       nan,   8.36299,4.266E-03,   2441.35,       nan,NAN,       nan,       nan,NAN,       nan,       nan,NAN,       nan
   5.76992,3.880E-03,   2112.92,   0.96478,4.755E-03,   2169.50,   0.67591,5.713E-03,   2223.38,       nan,NAN,       nan,   7.05570,9.486E-03,   2478.52,   1.89525,9.954E-03,   2495.01,       nan,NAN,       nan,       nan,NAN,       nan,   8.36350,4.214E-03,   2439.08,       nan,NAN,       nan,       nan,NAN,       nan,       nan,NAN,       nan
   5.77184,3.880E-03,   2112.92,   0.96809,4.755E-03,   2169.50,   0.72081,5.713E-03,   2223.38,       nan,NAN,       nan,   7.05589,9.371E-03,   2476.20,   2.09416,9.954E-03,   2495.01,       nan,NAN,       nan,       nan,NAN,       nan,   8.36426,4.174E-03,   2437.36,       nan,NAN,       nan,       nan,NAN,       nan,       nan,NAN,       nan
   5.77377,3.880E-03,   2112.92,   0.97140,4.755E-03,   2169.50,   0.86586,5.713E-03,   2223.38,       nan,NAN,       nan,   7.05595,9.342E-03,   2475.60,   3.57826,9.954E-03,   2495.01,       nan,NAN,       nan,       nan,NAN,       nan,   8.36506,4.158E-03,   2436.65,       nan,NAN,       nan,       nan,NAN,       nan,       nan,NAN,       nan
   5.77569,3.880E-03,   2112.91,   0.97471,4.755E-03,   2169.50,   1.08419,5.713E-03,   2223.38,       nan,NAN,       nan,   7.05633,9.190E-03,   2472.48,   7.00186,9.954E-03,   2495.01,       nan,NAN,       nan,       nan,NAN,       nan,   8.36586,4.153E-03,   2436.39,       nan,NAN,       nan,       nan,NAN,       nan,       nan,NAN,       nan
   5.77762,3.880E-03,   2112.91,   0.97802,4.755E-03,   2169.50,   1.30253,5.713E-03,   2223.38,       nan,NAN,       nan,   7.05672,9.093E-03,   2470.49,  12.51463,9.954E-03,   2495.01,       nan,NAN,       nan,       nan,NAN,       nan,   8.36738,4.150E-03,   2436.27,       nan,NAN,       nan,       nan,NAN,       nan,       nan,NAN,       nan
   5.77954,3.879E-03,   2112.91,   0.98133,4.755E-03,   2169.50,   1.52086,5.713E-03,   2223.38,       nan,NAN,       nan,   7.05725,9.021E-03,   2468.99,       nan,NAN,       nan,       nan,NAN,       nan,       nan,NAN,       nan,   8.36945,4.150E-03,   2436.25,       nan,NAN,       nan,       nan,NAN,       nan,       nan,NAN,       nan
   5.78147,3.879E-03,   2112.91,   0.98464,4.755E-03,   2169.50,   2.57646,5.713E-03,   2223.38,       nan,NAN,       nan,   7.05802,8.976E-03,   2468.04,       nan,NAN,       nan,       nan,NAN,       nan,       nan,NAN,       nan,   8.37321,4.150E-03,   2436.25,       nan,NAN,       nan,       nan,NAN,       nan,       nan,NAN,       nan
   5.78340,3.879E-03,   2112.90,   0.99006,4.755E-03,   2169.50,   4.65415,5.713E-03,   2223.38,       nan,NAN,       nan,   7.05922,8.956E-03,   2467.64,       nan,NAN,       nan,       nan,NAN,       nan,       nan,NAN,       nan,   8.38529,4.150E-03,   2436.25,       nan,NAN,       nan,       nan,NAN,       nan,       nan,NAN,       nan
   5.78532,3.879E-03,   2112.90,   0.99548,4.755E-03,   2169.50,   7.88054,5.713E-03,   2223.38,       nan,NAN,       nan,   7.06104,8.952E-03,   2467.55,       nan,NAN,       nan,       nan,NAN,       nan,       nan,NAN,       nan,   8.47076,4.150E-03,   2436.25,       nan,NAN,       nan,       nan,NAN,       nan,       nan,NAN,       nan
   5.78725,3.879E-03,   2112.90,   1.00090,4.755E-03,   2169.50,  19.24776,5.713E-03,   2223.38,       nan,NAN,       nan,   7.06348,8.952E-03,   2467.54,       nan,NAN,       nan,       nan,NAN,       nan,       nan,NAN,       nan,   8.50623,4.150E-03,   2436.25,       nan,NAN,       nan,       nan,NAN,       nan,       nan,NAN,       nan
   5.78917,3.879E-03,   2112.90,   1.00632,4.755E-03,   2169.50,       nan,NAN,       nan,       nan,NAN,       nan,   7.06956,8.952E-03,   2467.54,       nan,NAN,       nan,       nan,NAN,       nan,       nan,NAN,       nan,   8.86098,4.150E-03,   2436.25,       nan,NAN,       nan,       nan,NAN,       nan,       nan,NAN,       nan
   5.79110,3.879E-03,   2112.90,   1.01174,4.755E-03,   2169.50,       nan,NAN,       nan,       nan,NAN,       nan,   7.20546,8.952E-03,   2467.54,       nan,NAN,       nan,       nan,NAN,       nan,       nan,NAN,       nan,  10.98371,4.150E-03,   2436.25,       nan,NAN,       nan,       nan,NAN,       nan,       nan,NAN,       nan
   5.79303,3.879E-03,   2112.90,   1.01716,4.755E-03,   2169.50,       nan,NAN,       nan,       nan,NAN,       nan,   7.32165,8.952E-03,   2467.54,       nan,NAN,       nan,       nan,NAN,       nan,       nan,NAN,       nan,       nan,NAN,       nan,       nan,NAN,       nan,       nan,NAN,       nan,       nan,NAN,       nan
   5.79495,3.879E-03,   2112.89,   1.02908,4.755E-03,   2169.50,       nan,NAN,       nan,       nan,NAN,       nan,   7.49928,8.952E-03,   2467.54,       nan,NAN,       nan,       nan,NAN,       nan,       nan,NAN,       nan,       nan,NAN,       nan,       nan,NAN,       nan,       nan,NAN,       nan,       nan,NAN,       nan
   5.79788,3.879E-03,   2112.89,   1.04101,4.755E-03,   2169.50,       nan,NAN,       nan,       nan,NAN,       nan,   8.14006,8.952E-03,   2467.54,       nan,NAN,       nan,       nan,NAN,       nan,       nan,NAN,       nan,       nan,NAN,       nan,       nan,NAN,       nan,       nan,NAN,       nan,       nan,NAN,       nan
   5.80082,3.879E-03,   2112.89,   1.04928,4.755E-03,   2169.50,       nan,NAN,       nan,       nan,NAN,       nan,   9.85241,8.952E-03,   2467.54,       nan,NAN,       nan,       nan,NAN,       nan,       nan,NAN,       nan,       nan,NAN,       nan,       nan,NAN,       nan,       nan,NAN,       nan,       nan,NAN,       nan
   5.80375,3.879E-03,   2112.89,   1.05754,4.755E-03,   2169.50,       nan,NAN,       nan,       nan,NAN,       nan,  26.97595,8.952E-03,   2467.54,       nan,NAN,       nan,       nan,NAN,       nan,       nan,NAN,       nan,       nan,NAN,       nan,       nan,NAN,       nan,       nan,NAN,       nan,       nan,NAN,       nan
   5.80668,3.879E-03,   2112.89,   1.06581,4.755E-03,   2169.50,       nan,NAN,       nan,       nan,NAN,       nan,       nan,NAN,       nan,       nan,NAN,       nan,       nan,NAN,       nan,       nan,NAN,       nan,       nan,NAN,       nan,       nan,NAN,       nan,       nan,NAN,       nan,       nan,NAN,       nan
   5.80961,3.879E-03,   2112.89,   1.07408,4.755E-03,   2169.50,       nan,NAN,       nan,       nan,NAN,       nan,       nan,NAN,       nan,       nan,NAN,       nan,       nan,NAN,       nan,       nan,NAN,       nan,       nan,NAN,       nan,       nan,NAN,       nan,       nan,NAN,       nan,       nan,NAN,       nan
   5.81254,3.879E-03,   2112.89,   1.08735,4.755E-03,   2169.50,       nan,NAN,       nan,       nan,NAN,       nan,       nan,NAN,       nan,       nan,NAN,       nan,       nan,NAN,       nan,       nan,NAN,       nan,       nan,NAN,       nan,       nan,NAN,       nan,       nan,NAN,       nan,       nan,NAN,       nan
   5.81547,3.879E-03,   2112.89,   1.09677,4.755E-03,   2169.50,       nan,NAN,       nan,       nan,NAN,       nan,       nan,NAN,       nan,       nan,NAN,       nan,       nan,NAN,       nan,       nan,NAN,       nan,       nan,NAN,       nan,       nan,NAN,       nan,       nan,NAN,       nan,       nan,NAN,       nan
   5.81841,3.879E-03,   2112.89,   1.10619,4.755E-03,   2169.50,       nan,NAN,       nan,       nan,NAN,       nan,       nan,NAN,       nan,       nan,NAN,       nan,       nan,NAN,       nan,       nan,NAN,       nan,       nan,NAN,       nan,       nan,NAN,       nan,       nan,NAN,       nan,       nan,NAN,       nan
   5.82134,3.879E-03,   2112.89,   1.11560,4.755E-03,   2169.50,       nan,NAN,       nan,       nan,NAN,       nan,       nan,NAN,       nan,       nan,NAN,       nan,       nan,NAN,       nan,       nan,NAN,       nan,       nan,NAN,       nan,       nan,NAN,       nan,       nan,NAN,       nan,       nan,NAN,       nan
   5.82427,3.879E-03,   2112.89,   1.12502,4.755E-03,   2169.50,       nan,NAN,       nan,       nan,NAN,       nan,       nan,NAN,       nan,       nan,NAN,       nan,       nan,NAN,       nan,       nan,NAN,       nan,       nan,NAN,       nan,       nan,NAN,       nan,       nan,NAN,       nan,       nan,NAN,       nan
   5.82720,3.879E-03,   2112.89,   1.13444,4.755E-03,   2169.50,       nan,NAN,       nan,       nan,NAN,       nan,       nan,NAN,       nan,       nan,NAN,       nan,       nan,NAN,       nan,       nan,NAN,       nan,       nan,NAN,       nan,       nan,NAN,       nan,       nan,NAN,       nan,       nan,NAN,       nan
   5.83013,3.879E-03,   2112.89,   1.14386,4.755E-03,   2169.50,       nan,NAN,       nan,       nan,NAN,       nan,       nan,NAN,       nan,       nan,NAN,       nan,       nan,NAN,       nan,       nan,NAN,       nan,       nan,NAN,       nan,       nan,NAN,       nan,       nan,NAN,       nan,       nan,NAN,       nan
   5.83307,3.879E-03,   2112.89,   1.15328,4.755E-03,   2169.50,       nan,NAN,       nan,       nan,NAN,       nan,       nan,NAN,       nan,       nan,NAN,       nan,       nan,NAN,       nan,       nan,NAN,       nan,       nan,NAN,       nan,       nan,NAN,       nan,       nan,NAN,       nan,       nan,NAN,       nan
   5.83600,3.879E-03,   2112.89,   1.16911,4.755E-03,   2169.50,       nan,NAN,       nan,       nan,NAN,       nan,       nan,NAN,       nan,       nan,NAN,       nan,       nan,NAN,       nan,       nan,NAN,       nan,       nan,NAN,       nan,       nan,NAN,       nan,       nan,NAN,       nan,       nan,NAN,       nan
   5.83893,3.879E-03,   2112.89,   1.18495,4.755E-03,   2169.50,       nan,NAN,       nan,       nan,NAN,       nan,       nan,NAN,       nan,       nan,NAN,       nan,       nan,NAN,       nan,       nan,NAN,       nan,       nan,NAN,       nan,       nan,NAN,       nan,       nan,NAN,       nan,       nan,NAN,       nan
   5.84186,3.879E-03,   2112.89,   1.20078,4.755E-03,   2169.50,       nan,NAN,       nan,       nan,NAN,       nan,       nan,NAN,       nan,       nan,NAN,       nan,       nan,NAN,       nan,       nan,NAN,       nan,       nan,NAN,       nan,       nan,NAN,       nan,       nan,NAN,       nan,       nan,NAN,       nan
   5.84635,3.879E-03,   2112.89,   1.21662,4.755E-03,   2169.50,       nan,NAN,       nan,       nan,NAN,       nan,       nan,NAN,       nan,       nan,NAN,       nan,       nan,NAN,       nan,       nan,NAN,       nan,       nan,NAN,       nan,       nan,NAN,       nan,       nan,NAN,       nan,       nan,NAN,       nan
   5.85084,3.879E-03,   2112.89,   1.24055,4.755E-03,   2169.50,       nan,NAN,       nan,       nan,NAN,       nan,       nan,NAN,       nan,       nan,NAN,       nan,       nan,NAN,       nan,       nan,NAN,       nan,       nan,NAN,       nan,       nan,NAN,       nan,       nan,NAN,       nan,       nan,NAN,       nan
   5.85534,3.879E-03,   2112.89,   1.26447,4.755E-03,   2169.50,       nan,NAN,       nan,       nan,NAN,       nan,       nan,NAN,       nan,       nan,NAN,       nan,       nan,NAN,       nan,       nan,NAN,       nan,       nan,NAN,       nan,       nan,NAN,       nan,       nan,NAN,       nan,       nan,NAN,       nan
   5.85983,3.879E-03,   2112.89,   1.28839,4.755E-03,   2169.50,       nan,NAN,       nan,       nan,NAN,       nan,       nan,NAN,       nan,       nan,NAN,       nan,       nan,NAN,       nan,       nan,NAN,       nan,       nan,NAN,       nan,       nan,NAN,       nan,       nan,NAN,       nan,       nan,NAN,       nan
   5.86432,3.879E-03,   2112.89,   1.33549,4.755E-03,   2169.50,       nan,NAN,       nan,       nan,NAN,       nan,       nan,NAN,       nan,       nan,NAN,       nan,       nan,NAN,       nan,       nan,NAN,       nan,       nan,NAN,       nan,       nan,NAN,       nan,       nan,NAN,       nan,       nan,NAN,       nan
   5.86881,3.879E-03,   2112.89,   1.38258,4.755E-03,   2169.50,       nan,NAN,       nan,       nan,NAN,       nan,       nan,NAN,       nan,       nan,NAN,       nan,       nan,NAN,       nan,       nan,NAN,       nan,       nan,NAN,       nan,       nan,NAN,       nan,       nan,NAN,       nan,       nan,NAN,       nan
   5.87330,3.879E-03,   2112.89,   1.42968,4.755E-03,   2169.50,       nan,NAN,       nan,       nan,NAN,       nan,       nan,NAN,       nan,       nan,NAN,       nan,       nan,NAN,       nan,       nan,NAN,       nan,       nan,NAN,       nan,       nan,NAN,       nan,       nan,NAN,       nan,       nan,NAN,       nan
   5.87779,3.879E-03,   2112.89,   1.47677,4.755E-03,   2169.50,       nan,NAN,       nan,       nan,NAN,       nan,       nan,NAN,       nan,       nan,NAN,       nan,       nan,NAN,       nan,       nan,NAN,       nan,       nan,NAN,       nan,       nan,NAN,       nan,       nan,NAN,       nan,       nan,NAN,       nan
   5.88229,3.879E-03,   2112.89,   1.62137,4.755E-03,   2169.50,       nan,NAN,       nan,       nan,NAN,       nan,       nan,NAN,       nan,       nan,NAN,       nan,       nan,NAN,       nan,       nan,NAN,       nan,       nan,NAN,       nan,       nan,NAN,       nan,       nan,NAN,       nan,       nan,NAN,       nan
   5.88678,3.879E-03,   2112.89,   1.76597,4.755E-03,   2169.50,       nan,NAN,       nan,       nan,NAN,       nan,       nan,NAN,       nan,       nan,NAN,       nan,       nan,NAN,       nan,       nan,NAN,       nan,       nan,NAN,       nan,       nan,NAN,       nan,       nan,NAN,       nan,       nan,NAN,       nan
   5.89127,3.879E-03,   2112.89,   2.02068,4.755E-03,   2169.50,       nan,NAN,       nan,       nan,NAN,       nan,       nan,NAN,       nan,       nan,NAN,       nan,       nan,NAN,       nan,       nan,NAN,       nan,       nan,NAN,       nan,       nan,NAN,       nan,       nan,NAN,       nan,       nan,NAN,       nan
   5.89861,3.879E-03,   2112.89,   4.53418,4.755E-03,   2169.50,       nan,NAN,       nan,       nan,NAN,       nan,       nan,NAN,       nan,       nan,NAN,       nan,       nan,NAN,       nan,       nan,NAN,       nan,       nan,NAN,       nan,       nan,NAN,       nan,       nan,NAN,       nan,       nan,NAN,       nan
   5.90595,3.879E-03,   2112.89,  18.53437,4.755E-03,   2169.50,       nan,NAN,       nan,       nan,NAN,       nan,       nan,NAN,       nan,       nan,NAN,       nan,       nan,NAN,       nan,       nan,NAN,       nan,       nan,NAN,       nan,       nan,NAN,       nan,       nan,NAN,       nan,       nan,NAN,       nan
   5.91328,3.879E-03,   2112.89,       nan,NAN,       nan,       nan,NAN,       nan,       nan,NAN,       nan,       nan,NAN,       nan,       nan,NAN,       nan,       nan,NAN,       nan,       nan,NAN,       nan,       nan,NAN,       nan,       nan,NAN,       nan,       nan,NAN,       nan,       nan,NAN,       nan
   5.92062,3.879E-03,   2112.89,       nan,NAN,       nan,       nan,NAN,       nan,       nan,NAN,       nan,       nan,NAN,       nan,       nan,NAN,       nan,       nan,NAN,       nan,       nan,NAN,       nan,       nan,NAN,       nan,       nan,NAN,       nan,       nan,NAN,       nan,       nan,NAN,       nan
   5.92796,3.879E-03,   2112.89,       nan,NAN,       nan,       nan,NAN,       nan,       nan,NAN,       nan,       nan,NAN,       nan,       nan,NAN,       nan,       nan,NAN,       nan,       nan,NAN,       nan,       nan,NAN,       nan,       nan,NAN,       nan,       nan,NAN,       nan,       nan,NAN,       nan
   5.93530,3.879E-03,   2112.89,       nan,NAN,       nan,       nan,NAN,       nan,       nan,NAN,       nan,       nan,NAN,       nan,       nan,NAN,       nan,       nan,NAN,       nan,       nan,NAN,       nan,       nan,NAN,       nan,       nan,NAN,       nan,       nan,NAN,       nan,       nan,NAN,       nan
   5.95147,3.879E-03,   2112.89,       nan,NAN,       nan,       nan,NAN,       nan,       nan,NAN,       nan,       nan,NAN,       nan,       nan,NAN,       nan,       nan,NAN,       nan,       nan,NAN,       nan,       nan,NAN,       nan,       nan,NAN,       nan,       nan,NAN,       nan,       nan,NAN,       nan
   5.96218,3.879E-03,   2112.89,       nan,NAN,       nan,       nan,NAN,       nan,       nan,NAN,       nan,       nan,NAN,       nan,       nan,NAN,       nan,       nan,NAN,       nan,       nan,NAN,       nan,       nan,NAN,       nan,       nan,NAN,       nan,       nan,NAN,       nan,       nan,NAN,       nan
   5.97288,3.879E-03,   2112.89,       nan,NAN,       nan,       nan,NAN,       nan,       nan,NAN,       nan,       nan,NAN,       nan,       nan,NAN,       nan,       nan,NAN,       nan,       nan,NAN,       nan,       nan,NAN,       nan,       nan,NAN,       nan,       nan,NAN,       nan,       nan,NAN,       nan
   5.98359,3.879E-03,   2112.89,       nan,NAN,       nan,       nan,NAN,       nan,       nan,NAN,       nan,       nan,NAN,       nan,       nan,NAN,       nan,       nan,NAN,       nan,       nan,NAN,       nan,       nan,NAN,       nan,       nan,NAN,       nan,       nan,NAN,       nan,       nan,NAN,       nan
   5.99430,3.879E-03,   2112.89,       nan,NAN,       nan,       nan,NAN,       nan,       nan,NAN,       nan,       nan,NAN,       nan,       nan,NAN,       nan,       nan,NAN,       nan,       nan,NAN,       nan,       nan,NAN,       nan,       nan,NAN,       nan,       nan,NAN,       nan,       nan,NAN,       nan
   6.00500,3.879E-03,   2112.89,       nan,NAN,       nan,       nan,NAN,       nan,       nan,NAN,       nan,       nan,NAN,       nan,       nan,NAN,       nan,       nan,NAN,       nan,       nan,NAN,       nan,       nan,NAN,       nan,       nan,NAN,       nan,       nan,NAN,       nan,       nan,NAN,       nan
   6.01571,3.879E-03,   2112.89,       nan,NAN,       nan,       nan,NAN,       nan,       nan,NAN,       nan,       nan,NAN,       nan,       nan,NAN,       nan,       nan,NAN,       nan,       nan,NAN,       nan,       nan,NAN,       nan,       nan,NAN,       nan,       nan,NAN,       nan,       nan,NAN,       nan
   6.02641,3.879E-03,   2112.89,       nan,NAN,       nan,       nan,NAN,       nan,       nan,NAN,       nan,       nan,NAN,       nan,       nan,NAN,       nan,       nan,NAN,       nan,       nan,NAN,       nan,       nan,NAN,       nan,       nan,NAN,       nan,       nan,NAN,       nan,       nan,NAN,       nan
   6.05122,3.879E-03,   2112.89,       nan,NAN,       nan,       nan,NAN,       nan,       nan,NAN,       nan,       nan,NAN,       nan,       nan,NAN,       nan,       nan,NAN,       nan,       nan,NAN,       nan,       nan,NAN,       nan,       nan,NAN,       nan,       nan,NAN,       nan,       nan,NAN,       nan
   6.06653,3.879E-03,   2112.89,       nan,NAN,       nan,       nan,NAN,       nan,       nan,NAN,       nan,       nan,NAN,       nan,       nan,NAN,       nan,       nan,NAN,       nan,       nan,NAN,       nan,       nan,NAN,       nan,       nan,NAN,       nan,       nan,NAN,       nan,       nan,NAN,       nan
   6.08184,3.879E-03,   2112.89,       nan,NAN,       nan,       nan,NAN,       nan,       nan,NAN,       nan,       nan,NAN,       nan,       nan,NAN,       nan,       nan,NAN,       nan,       nan,NAN,       nan,       nan,NAN,       nan,       nan,NAN,       nan,       nan,NAN,       nan,       nan,NAN,       nan
   6.09715,3.879E-03,   2112.89,       nan,NAN,       nan,       nan,NAN,       nan,       nan,NAN,       nan,       nan,NAN,       nan,       nan,NAN,       nan,       nan,NAN,       nan,       nan,NAN,       nan,       nan,NAN,       nan,       nan,NAN,       nan,       nan,NAN,       nan,       nan,NAN,       nan
   6.11247,3.879E-03,   2112.89,       nan,NAN,       nan,       nan,NAN,       nan,       nan,NAN,       nan,       nan,NAN,       nan,       nan,NAN,       nan,       nan,NAN,       nan,       nan,NAN,       nan,       nan,NAN,       nan,       nan,NAN,       nan,       nan,NAN,       nan,       nan,NAN,       nan
   6.12778,3.879E-03,   2112.89,       nan,NAN,       nan,       nan,NAN,       nan,       nan,NAN,       nan,       nan,NAN,       nan,       nan,NAN,       nan,       nan,NAN,       nan,       nan,NAN,       nan,       nan,NAN,       nan,       nan,NAN,       nan,       nan,NAN,       nan,       nan,NAN,       nan
   6.15650,3.879E-03,   2112.89,       nan,NAN,       nan,       nan,NAN,       nan,       nan,NAN,       nan,       nan,NAN,       nan,       nan,NAN,       nan,       nan,NAN,       nan,       nan,NAN,       nan,       nan,NAN,       nan,       nan,NAN,       nan,       nan,NAN,       nan,       nan,NAN,       nan
   6.18522,3.879E-03,   2112.89,       nan,NAN,       nan,       nan,NAN,       nan,       nan,NAN,       nan,       nan,NAN,       nan,       nan,NAN,       nan,       nan,NAN,       nan,       nan,NAN,       nan,       nan,NAN,       nan,       nan,NAN,       nan,       nan,NAN,       nan,       nan,NAN,       nan
   6.21394,3.879E-03,   2112.89,       nan,NAN,       nan,       nan,NAN,       nan,       nan,NAN,       nan,       nan,NAN,       nan,       nan,NAN,       nan,       nan,NAN,       nan,       nan,NAN,       nan,       nan,NAN,       nan,       nan,NAN,       nan,       nan,NAN,       nan,       nan,NAN,       nan
   6.24266,3.879E-03,   2112.89,       nan,NAN,       nan,       nan,NAN,       nan,       nan,NAN,       nan,       nan,NAN,       nan,       nan,NAN,       nan,       nan,NAN,       nan,       nan,NAN,       nan,       nan,NAN,       nan,       nan,NAN,       nan,       nan,NAN,       nan,       nan,NAN,       nan
   6.27138,3.879E-03,   2112.89,       nan,NAN,       nan,       nan,NAN,       nan,       nan,NAN,       nan,       nan,NAN,       nan,       nan,NAN,       nan,       nan,NAN,       nan,       nan,NAN,       nan,       nan,NAN,       nan,       nan,NAN,       nan,       nan,NAN,       nan,       nan,NAN,       nan
   6.31681,3.879E-03,   2112.89,       nan,NAN,       nan,       nan,NAN,       nan,       nan,NAN,       nan,       nan,NAN,       nan,       nan,NAN,       nan,       nan,NAN,       nan,       nan,NAN,       nan,       nan,NAN,       nan,       nan,NAN,       nan,       nan,NAN,       nan,       nan,NAN,       nan
   6.36224,3.879E-03,   2112.89,       nan,NAN,       nan,       nan,NAN,       nan,       nan,NAN,       nan,       nan,NAN,       nan,       nan,NAN,       nan,       nan,NAN,       nan,       nan,NAN,       nan,       nan,NAN,       nan,       nan,NAN,       nan,       nan,NAN,       nan,       nan,NAN,       nan
   6.40768,3.879E-03,   2112.89,       nan,NAN,       nan,       nan,NAN,       nan,       nan,NAN,       nan,       nan,NAN,       nan,       nan,NAN,       nan,       nan,NAN,       nan,       nan,NAN,       nan,       nan,NAN,       nan,       nan,NAN,       nan,       nan,NAN,       nan,       nan,NAN,       nan
   6.48940,3.879E-03,   2112.89,       nan,NAN,       nan,       nan,NAN,       nan,       nan,NAN,       nan,       nan,NAN,       nan,       nan,NAN,       nan,       nan,NAN,       nan,       nan,NAN,       nan,       nan,NAN,       nan,       nan,NAN,       nan,       nan,NAN,       nan,       nan,NAN,       nan
   6.57112,3.879E-03,   2112.89,       nan,NAN,       nan,       nan,NAN,       nan,       nan,NAN,       nan,       nan,NAN,       nan,       nan,NAN,       nan,       nan,NAN,       nan,       nan,NAN,       nan,       nan,NAN,       nan,       nan,NAN,       nan,       nan,NAN,       nan,       nan,NAN,       nan
   6.65284,3.879E-03,   2112.89,       nan,NAN,       nan,       nan,NAN,       nan,       nan,NAN,       nan,       nan,NAN,       nan,       nan,NAN,       nan,       nan,NAN,       nan,       nan,NAN,       nan,       nan,NAN,       nan,       nan,NAN,       nan,       nan,NAN,       nan,       nan,NAN,       nan
   6.89962,3.879E-03,   2112.89,       nan,NAN,       nan,       nan,NAN,       nan,       nan,NAN,       nan,       nan,NAN,       nan,       nan,NAN,       nan,       nan,NAN,       nan,       nan,NAN,       nan,       nan,NAN,       nan,       nan,NAN,       nan,       nan,NAN,       nan,       nan,NAN,       nan
   7.33935,3.879E-03,   2112.89,       nan,NAN,       nan,       nan,NAN,       nan,       nan,NAN,       nan,       nan,NAN,       nan,       nan,NAN,       nan,       nan,NAN,       nan,       nan,NAN,       nan,       nan,NAN,       nan,       nan,NAN,       nan,       nan,NAN,       nan,       nan,NAN,       nan
   7.77908,3.879E-03,   2112.89,       nan,NAN,       nan,       nan,NAN,       nan,       nan,NAN,       nan,       nan,NAN,       nan,       nan,NAN,       nan,       nan,NAN,       nan,       nan,NAN,       nan,       nan,NAN,       nan,       nan,NAN,       nan,       nan,NAN,       nan,       nan,NAN,       nan
  12.17634,3.879E-03,   2112.89,       nan,NAN,       nan,       nan,NAN,       nan,       nan,NAN,       nan,       nan,NAN,       nan,       nan,NAN,       nan,       nan,NAN,       nan,       nan,NAN,       nan,       nan,NAN,       nan,       nan,NAN,       nan,       nan,NAN,       nan,       nan,NAN,       nan
